rank,player_name,rank_points
1,Jannik Sinner,"12,030"
2,Carlos Alcaraz,"8,600"
3,Alexander Zverev,"6,030"
4,Taylor Fritz,"5,135"
5,Jack Draper,"4,650"
6,Novak Djokovic,"4,130"
7,Ben Shelton,"3,520"
8,Alex de Minaur,"3,335"
9,Holger Rune,"3,250"
10,Lorenzo Musetti,"3,195"
11,Andrey Rublev,"3,110"
12,Frances Tiafoe,"2,990"
13,Casper Ruud,"2,905"
14,Daniil Medvedev,"2,720"
15,Tommy Paul,"2,620"
16,Karen Khachanov,"2,590"
17,Flavio Cobolli,"2,385"
18,Jakub Mensik,"2,362"
19,Alejandro Davidovich Fokina,"2,225"
20,Grigor Dimitrov,"2,155"
21,Arthur Fils,"2,130"
22,Tomas Machac,"2,110"
23,Ugo Humbert,"2,095"
24,Francisco Cerundolo,"2,085"
25,Alexander Bublik,"2,065"
26,Alexei Popyrin,"2,050"
27,Jiri Lehecka,"2,015"
28,Felix Auger-Aliassime,"1,865"
29,Denis Shapovalov,"1,836"
30,Stefanos Tsitsipas,"1,825"
31,Tallon Griekspoor,"1,715"
32,Brandon Nakashima,"1,700"
33,Sebastian Korda,"1,645"
34,Alex Michelsen,"1,555"
35,Luciano Darderi,"1,414"
36,Gabriel Diallo,"1,333"
37,Hubert Hurkacz,"1,285"
38,Lorenzo Sonego,"1,281"
39,Cameron Norrie,"1,277"
40,Alexandre Muller,"1,271"
41,Matteo Arnaldi,"1,265"
42,Nuno Borges,"1,265"
43,Giovanni Mpetshi Perricard,"1,205"
44,Jordan Thompson,"1,185"
45,Sebastian Baez,"1,180"
46,Corentin Moutet,"1,139"
47,Camilo Ugo Carabelli,"1,133"
48,Gael Monfils,"1,115"
49,Joao Fonseca,"1,110"
50,Miomir Kecmanovic,"1,106"
51,Jaume Munar,"1,087"
52,Zizou Bergs,"1,049"
53,Roberto Bautista Agut,"1,046"
54,Damir Dzumhur,"1,028"
55,Jacob Fearnley,"1,007"
56,Fabian Marozsan,"1,005"
57,Matteo Berrettini,975
58,Daniel Altmaier,973
59,Marcos Giron,960
60,Tomas Martin Etcheverry,960
61,Learner Tien,940
62,Aleksandar Kovacevic,929
63,Marin Cilic,922
64,Arthur Rinderknech,914
65,David Goffin,914
66,Benjamin Bonzi,905
67,Kei Nishikori,893
68,Pedro Martinez,890
69,Quentin Halys,886
70,Laslo Djere,886
71,Francisco Comesana,874
72,Mattia Bellucci,871
73,Hamad Medjedovic,869
74,Reilly Opelka,827
75,Arthur Cazaux,800
76,Yunchaokete Bu,793
77,Mariano Navone,785
78,Christopher O'Connell,775
79,Jesper de Jong,766
80,Vit Kopriva,756
81,Kamil Majchrzak,744
82,Roman Safiullin,741
83,Juan Manuel Cerundolo,736
84,Carlos Taberner,734
85,Rinky Hijikata,733
86,Ethan Quinn,726
87,Botic van de Zandschulp,722
88,Adam Walton,706
89,Roberto Carballes Baena,690
90,Raphael Collignon,690
91,Marton Fucsovics,688
92,Borna Coric,680
93,Pablo Carreno Busta,662
94,Adrian Mannarino,661
95,Filip Misolic,661
96,Mackenzie McDonald,655
97,Luca Nardi,655
98,Hugo Dellien,654
99,Aleksandar Vukic,639
100,Nicolas Jarry,638
101,Alexander Shevchenko,635
102,Jenson Brooksby,627
103,Tristan Schoolkate,616
104,Alejandro Tabilo,605
105,Elmer Moller,601
106,James Duckworth,600
107,Chun-Hsin Tseng,599
108,Brandon Holt,594
109,Juncheng Shang,580
110,Nishesh Basavareddy,580
111,Valentin Royer,579
112,Nikoloz Basilashvili,548
113,Liam Draxl,548
114,Emilio Nava,539
115,Cristian Garin,535
116,Jaime Faria,530
117,Otto Virtanen,529
118,Francesco Passaro,524
119,Lukas Klein,517
120,Dalibor Svrcina,514
121,Alexander Blockx,492
122,Shintaro Mochizuki,491
123,Tristan Boyer,480
124,Eliot Spizzirri,477
125,Matteo Gigante,476
126,Hugo Gaston,473
127,Dino Prizmic,470
128,Andrea Pellegrino,468
129,Daniel Evans,465
130,Thiago Agustin Tirante,461
131,Yoshihito Nishioka,459
132,Terence Atmane,458
133,Thiago Seyboth Wild,455
134,Daniel Elahi Galan,455
135,Ignacio Buse,453
136,Colton Smith,448
137,Martin Landaluce,440
138,Jan-Lennard Struff,438
139,Roman Andres Burruchaga,437
140,Juan Pablo Ficovich,435
141,Sebastian Ofner,433
142,Pierre-Hugues Herbert,431
143,Tomas Barrios Vera,425
144,August Holmgren,418
145,Dusan Lajovic,414
146,Billy Harris,405
147,Mark Lajal,403
148,Zachary Svajda,399
149,Vilius Gaubas,396
150,Yannick Hanfmann,392
151,Jan Choinski,387
152,Stan Wawrinka,382
153,Titouan Droguet,377
154,Federico Coria,376
155,Christopher Eubanks,369
156,Taro Daniel,368
157,Harold Mayot,363
158,Yosuke Watanuki,358
159,Chris Rodesch,356
160,Felipe Meligeni Alves,356
161,Thanasi Kokkinakis,355
162,Zsombor Piros,350
163,Kyrian Jacquet,349
164,Li Tu,344
165,Zhizhen Zhang,335
166,Mitchell Krueger,333
167,James McCabe,323
168,Coleman Wong,323
169,Hady Habib,320
170,Thiago Monteiro,320
171,Daniel Merida,318
172,Lukas Neumayer,317
173,Guy Den Ouden,316
174,Marc-Andrea Huesler,313
175,Murphy Cassone,312
176,Henrique Rocha,309
177,Lucas Pouille,309
178,Francesco Maestrelli,308
179,Alibek Kachmazov,304
180,Marco Trungelliti,302
181,Calvin Hemery,302
182,Richard Gasquet,301
183,Luca Van Assche,298
184,Jurij Rodionov,297
185,Santiago Rodriguez Taverna,295
186,Yibing Wu,294
187,Nicolai Budkov Kjaer,293
188,Benjamin Hassan,292
189,James Trotter,291
190,Luka Pavlovic,290
191,Jerome Kym,287
192,Hugo Grenier,285
193,Alexis Galarneau,285
194,Kimmer Coppejans,281
195,Mikhail Kukushkin,278
196,Jack Pinnington Jones,277
197,Nicolas Moreno De Alboran,277
198,Jason Kubler,275
199,Jay Clarke,275
200,Constant Lestienne,272
201,Federico Agustin Gomez,270
202,Dominic Stricker,270
203,Beibit Zhukayev,269
204,Omar Jasika,269
205,Rei Sakamoto,268
206,Sascha Gueymard Wayenburg,267
207,Yuta Shimizu,266
208,Sho Shimabukuro,265
209,Rio Noguchi,264
210,Gauthier Onclin,262
211,Bernard Tomic,262
212,Vitaliy Sachko,259
213,Patrick Kypson,258
214,Fajing Sun,258
215,Aziz Dougaz,256
216,Arthur Bouquier,254
217,Yu Hsiou Hsu,254
218,Borna Gojo,253
219,Pol Martin Tiffon,252
220,Rodrigo Pacheco Mendez,252
221,Dmitry Popko,249
222,Viktor Durasovic,248
223,Federico Cina,247
224,Yasutaka Uchiyama,247
225,Justin Engel,247
226,Alex Bolt,246
227,Edas Butvilas,245
228,Stefano Travaglia,244
229,Oliver Crawford,244
230,Clement Chidekh,244
231,Ugo Blanchet,243
232,Elias Ymer,243
233,Clement Tabur,242
234,Johannus Monday,242
235,George Loffhagen,239
236,Alex Barrena,239
237,Joao Lucas Reis Da Silva,237
238,Ilia Simakin,235
239,Nerman Fatic,233
240,Andrea Collarini,233
241,Ryan Peniston,232
242,Nicolas Mejia,231
243,Alvaro Guillen Meza,227
244,Adolfo Daniel Vallejo,226
245,Pavel Kotov,222
246,Marek Gengel,220
247,Aslan Karatsev,219
248,Ivan Gakhov,219
249,Mathys Erhard,217
250,Matias Soto,217
251,Andres Andrade,215
252,Facundo Diaz Acosta,214
253,Valentin Vacherot,213
254,Marat Sharipov,207
255,Matej Dodig,206
256,Geoffrey Blancaneaux,206
257,Alejandro Moro Canas,205
258,Juan Carlos Prado Angelo,204
259,Dimitar Kuzmanov,204
260,Filip Cristian Jianu,204
261,Norbert Gombos,203
262,Duje Ajdukovic,203
263,Frederico Ferreira Silva,203
264,Nicolas Alvarez Varona,202
265,Saba Purtseladze,202
266,Khumoyun Sultanov,201
267,Christoph Negritu,201
268,Yan Bai,200
269,Matteo Martineau,199
270,Patrick Zahraj,199
271,Tung-Lin Wu,197
272,Marko Topo,196
273,Facundo Mena,196
274,Lautaro Midon,196
275,Andres Martin,195
276,Giulio Zeppieri,193
277,Mili Poljicak,193
278,Arthur Gea,193
279,Matheus Pucinelli De Almeida,191
280,Karue Sell,189
281,Carlos Sanchez Jover,188
282,Max Houkes,187
283,Albert Ramos-Vinolas,184
284,Murkel Dellien,183
285,Aidan Mayo,182
286,Eliakim Coulibaly,181
287,Marco Cecchinato,180
288,Daniel Rincon,180
289,Adria Soriano Barrera,179
290,Jie Cui,178
291,Gonzalo Oliveira,177
292,Jakub Paul,176
293,Mika Brunold,176
294,Gonzalo Bueno,176
295,Tiago Pereira,176
296,Daniel Michalski,175
297,Hynek Barton,174
298,Lorenzo Giustino,172
299,Gustavo Heide,171
300,Genaro Alberto Olivieri,169
301,Tyler Zink,168
302,Nikolas Sanchez Izquierdo,168
303,Antoine Escoffier,166
304,Michael Geerts,166
305,Timofey Skatov,165
306,Max Hans Rehberg,164
307,Sumit Nagal,163
308,Andrea Vavassori,163
309,Corentin Denolly,163
310,Radu Albot,161
311,Alexander Ritschard,161
312,Moez Echargui,160
313,Juan Pablo Varillas,159
314,Alex Rybakov,159
315,Oleg Prihodko,159
316,Gastao Elias,159
317,Juan Bautista Torres,159
318,Arthur Fery,158
319,Jacopo Berrettini,158
320,Stefanos Sakellaridis,157
321,Patrick Maloney,157
322,Gijs Brouwer,156
323,Michael Mmoh,156
324,Renzo Olivo,156
325,Denis Yevseyev,156
326,Robin Bertrand,156
327,Yi Zhou,154
328,Roberto Cid Subervi,154
329,Jelle Sels,154
330,Moerani Bouzige,154
331,Philip Henning,152
332,Nicolas Kicker,151
333,Robert Strombachs,151
334,Alexey Vatutin,149
335,Blake Ellis,148
336,Andrej Martin,148
337,Alex Marti Pujolras,147
338,Dan Added,147
339,Federico Arnaboldi,147
340,Luka Mikrut,146
341,Tom Paris,146
342,Daniel Dutra da Silva,146
343,Garrett Johns,146
344,Govind Nanda,145
345,Oriol Roca Batalla,145
346,Luciano Emanuel Ambrogi,145
347,Remy Bertola,145
348,Maximilian Marterer,143
349,Petr Bar Biryukov,143
350,Naoki Nakagawa,142
351,Christian Langmo,142
352,Diego Dedura,142
353,Raul Brancaccio,140
354,Joel Schwaerzler,140
355,Pedro Boscardin Dias,137
356,Andre Ilagan,136
357,Gabriel Debru,135
358,Alastair Gray,135
359,Inaki Montes-De La Torre,135
360,Mats Rosenkranz,134
361,Nicholas David Ionel,134
362,Pablo Llamas Ruiz,133
363,Gregoire Barrere,132
364,Hyeon Chung,132
365,Hiroki Moriya,132
366,Milos Karol,132
367,Masamichi Imamura,131
368,Henri Squire,131
369,Guido Ivan Justo,131
370,Fabrizio Andaloro,130
371,Daniil Glinka,130
372,Alfredo Perez,130
373,Toby Kodat,130
374,Gonzalo Villanueva,130
375,Mateus Alves,130
376,Lloyd Harris,129
377,Gilles Arnaud Bailly,129
378,Alex Molcan,128
379,Andrej Nedic,128
380,Oleksandr Ovcharenko,127
381,Zdenek Kolar,126
382,Adrian Andreev,125
383,Giovanni Fonio,125
384,Kilian Feldbausch,124
385,Lucas Poullain,124
386,Abdullah Shelbayh,123
387,Ricardas Berankis,122
388,Maximilian Neuchrist,122
389,Svyatoslav Gulin,122
390,Aryan Shah,121
391,Laurent Lokoli,120
392,Franco Roncadelli,120
393,Rudolf Molleker,120
394,Maximus Jones,120
395,Mariano Kestelboim,118
396,Seongchan Hong,117
397,Bernabe Zapata Miralles,117
398,Gabi Adrian Boitan,116
399,Lukas Pokorny,116
400,Tom Gentzsch,116
401,Karan Singh,116
402,Oliver Tarvet,115
403,Darwin Blanch,115
404,Sandro Kopp,115
405,Florent Bax,115
406,Dennis Novak,114
407,Lilian Marmousez,113
408,Paul Jubb,113
409,Federico Bondioli,113
410,Pedro Sakamoto,112
411,Gabriele Piraino,112
412,Juan Carlos Aguilar,112
413,Kyle Edmund,111
414,Franco Agamenone,111
415,Henry Searle,110
416,Marvin Moeller,110
417,Yusuke Takahashi,109
418,Vadym Ursu,109
419,Miguel Damas,109
420,Alexandr Binda,109
421,Kasidit Samrej,108
422,Neil Oberleitner,108
423,Matthew Dellavedova,108
424,Stefan Dostanic,107
425,Enrico Dalla Valle,106
426,Charles Broom,106
427,Max Alcala Gurri,106
428,Kris Van Wyk,106
429,Marc Polmans,105
430,Ryan Nijboer,104
431,Stefan Kozlov,103
432,Alvin Nicholas Tudorica,103
433,Sanhui Shin,102
434,Cezar Cretu,102
435,Manuel Guinard,101
436,Max Wiskandt,101
437,Gerard Campana Lee,101
438,Tibo Colson,101
439,Max Purcell,100
440,Martin Damm,99
441,Jakub Nicod,99
442,Iliyan Radulov,99
443,Oleksii Krutykh,99
444,Michael Zheng,98
445,Stuart Parker,98
446,Giles Hussey,97
447,Maxim Mrva,96
448,Hamish Stewart,96
449,Alex Hernandez,96
450,Woobin Shin,96
451,Petr Nesterov,94
452,Dominik Koepfer,93
453,Javier Barranco Cosano,93
454,Tommaso Compagnucci,92
455,Pedro Araujo,92
456,Gabriele Pennaforti,92
457,Anton Matusevich,91
458,Aristotelis Thanos,91
459,J.J. Wolf,90
460,Petr Brunclik,90
461,Mukund Sasikumar,90
462,Andrea Picchione,90
463,Kokoro Isomura,90
464,Eric Vanshelboim,90
465,Olle Wallin,89
466,Dane Sweeny,89
467,Valerio Aboian,88
468,Juan Manuel La Serna,88
469,Maxwell Mckennon,88
470,Antoine Ghibaudo,87
471,Branko Djuric,87
472,Renta Tokuda,86
473,Bor Artnak,86
474,Tristan Lamasine,85
475,Lorenzo Joaquin Rodriguez,85
476,Sergey Fomin,85
477,Olaf Pieczkowski,85
478,Rafael Jodar,84
479,Leo Borg,84
480,Nikolay Vylegzhanin,84
481,Dali Blanch,84
482,Yurii Dzhavakian,84
483,Dan Alexandru Tomescu,83
484,Florian Broska,83
485,Ergi Kirkin,83
486,Keegan Smith,83
487,Leandro Riedi,82
488,Micah Braswell,82
489,Enzo Couacaud,82
490,Eduardo Ribeiro,82
491,Alessandro Pecci,82
492,Takuya Kumasaka,82
493,Gianluca Cadenasso,82
494,Peter Bertran,82
495,Hernan Casanova,81
496,Tadeas Paroulek,81
497,Michael Vrbensky,80
498,Arthur Reymond,80
499,Luca Castelnuovo,80
500,Martin Krumich,80
501,Erik Arutiunian,80
502,Benjamin Lock,79
503,Ryuki Matsuda,79
504,Evgeny Karlovskiy,78
505,Ajeet Rai,78
506,Jake Delaney,78
507,Filip Peliwo,78
508,Christian Sigsgaard,77
509,Viacheslav Bielinskyi,77
510,Alex Martinez,77
511,David Jorda Sanchis,77
512,Harry Wendelken,77
513,Cem Ilkel,76
514,Maxime Chazal,76
515,Hikaru Shiraishi,76
516,Samir Banerjee,75
517,Jonas Forejtek,75
518,Peter Fajta,75
519,Luca Potenza,75
520,Loann Massard,75
521,Kirill Kivattsev,75
522,Stefan Popovic,75
523,Evgenii Tiurnev,74
524,Egor Agafonov,74
525,Eero Vasa,74
526,Alejo Sanchez Quilez,74
527,Tristan McCormick,74
528,Maks Kasnikowski,72
529,Manuel Mazza,72
530,Facundo Juarez,72
531,Cannon Kingsley,71
532,Liam Broady,71
533,Elmar Ejupovic,71
534,Martin Klizan,70
535,Federico Iannaccone,70
536,Tsung-Hao Huang,70
537,Kenta Miyoshi,69
538,Alec Beckley,69
539,Daniel Masur,69
540,Mae Malige,68
541,Carlos Lopez Montagud,68
542,Antoine Cornut-Chauvinc,67
543,Daniel Milavsky,67
544,Conner Huertas del Pino,67
545,Yuki Mochizuki,67
546,Michiel De Krom,67
547,Aidan McHugh,67
548,Dominik Kellovsky,67
549,Stefan Adrian Andreescu,67
550,Andrea Guerrieri,66
551,Rigele Te,66
552,Alafia Ayeni,66
553,James Story,66
554,Diego Schwartzman,65
555,Keisuke Saitoh,65
556,Felix Corwin,65
557,Adhithya Ganesan,65
558,Edward Winter,65
559,Alexander Weis,65
560,Dan Martin,65
561,Pierluigi Basile,64
562,Etienne Donnet,64
563,Dominik Palan,64
564,Maxime Janvier,64
565,Trevor Svajda,63
566,Andrew Paulson,63
567,Damien Wenger,63
568,Louis Wessels,63
569,Vladyslav Orlov,63
570,Arda Azkara,62
571,Denis Klok,62
572,Lorenzo Carboni,62
573,Paulo Andre Saraiva Dos Santos,62
574,Evan Zhu,62
575,Emil Ruusuvuori,61
576,Jozef Kovalik,61
577,Shintaro Imai,61
578,Yanki Erel,61
579,Filippo Moroni,60
580,Filip Jeff Planinsek,60
581,Gianmarco Ferrari,60
582,Emilien Demanet,60
583,Luca Castagnola,60
584,Gianluca Mager,59
585,Mirza Basic,59
586,Felix Gill,59
587,Jose Pereira,59
588,Sebastian Sorger,59
589,Johan Alexander Rodriguez,59
590,James Watt,59
591,Egor Gerasimov,58
592,Soonwoo Kwon,58
593,Lucas Gerch,58
594,Filippo Romano,58
595,Blake Mott,58
596,Ewen Lumsden,58
597,Ryan Seggerman,57
598,Arthur Weber,57
599,Julio Cesar Porras,57
600,Imanol Lopez Morillo,57
601,John Echeverria,57
602,Joao Eduardo Schiessl,57
603,Sergi Perez Contri,57
604,Hazem Naw,56
605,Philip Sekulic,56
606,Robin Catry,56
607,Altug Celikbilek,55
608,Joao Domingues,55
609,Samuel Vincent Ruggeri,55
610,Kaichi Uchida,55
611,Fares Zakaria,55
612,Dev Javia,55
613,Aidan Kim,54
614,Alexey Zakharov,54
615,Jiri Vesely,54
616,Theo Papamalamis,54
617,Ilya Snitari,54
618,Justin Boulais,54
619,Stefan Palosi,54
620,Aleksandre Bakshi,54
621,Leonardo Rossi,54
622,Kenny De Schepper,54
623,Mikael Ymer,53
624,Omni Kumar,53
625,Sean Cuenin,53
626,Jacob Brumm,53
627,Luis Carlos Alvarez,52
628,Kyle Kang,52
629,Carlo Alberto Caniato,52
630,Benoit Paire,52
631,Tim Handel,52
632,Alex Knaff,52
633,Karl Poling,52
634,Niels Visker,52
635,Ramkumar Ramanathan,51
636,Akira Santillan,51
637,Michael Agwi,51
638,Nicolas Arseneault,51
639,Linang Xiao,51
640,Jack Loge,51
641,Aleksandr Braynin,51
642,Nick Kyrgios,50
643,Orlando Luz,50
644,Pedro Rodrigues,50
645,Pietro Fellin,50
646,Bruno Kuzuhara,50
647,Mees Rottgering,50
648,Lucas Bouquet,50
649,Stijn Slump,50
650,Tomasz Berkieta,50
651,Colin Sinclair,50
652,Ben Jones,50
653,Aziz Ouakaa,50
654,Millen Hurrion,49
655,Maxim Zhukov,49
656,Hayato Matsuoka,49
657,Giovanni Oradini,49
658,Strong Kirchheimer,49
659,Nino Ehrenschneider,49
660,Sebastian Gima,49
661,Andrey Chepelev,49
662,Max Basing,48
663,Pedro Cachin,48
664,Pawit Sornlaksup,48
665,Mikalai Haliak,48
666,Buvaysar Gadamauri,48
667,Massimo Giunta,48
668,Mitsuki Wei Kang Leong,48
669,Michal Krajci,48
670,Joris De Loore,47
671,Tianhui Zhang,47
672,Tuncay Duran,47
673,Tomas Farjat,47
674,Taisei Ichikawa,47
675,Bogdan Bobrov,47
676,Maxence Beauge,47
677,Alberto Barroso Campos,47
678,Mathias Bourgue,46
679,Jacopo Vasami,45
680,Alexander Donski,45
681,Maxime Cressy,45
682,Trey Hilderbrand,45
683,Louis Dussin,45
684,Ye Cong Mo,45
685,Juan Pablo Paz,45
686,Francisco Rocha,45
687,Guillaume Dalmasso,45
688,Adrian Oetzbach,45
689,Facundo Bagnis,44
690,Cooper Williams,44
691,Radu Mihai Papoe,44
692,Andres Santamarta Roig,44
693,Pavle Marinkov,44
694,Matthew William Donald,44
695,Juan Estevez,44
696,Cyril Vandermeersch,43
697,Ignacio Monzon,43
698,William Grant,43
699,Diego Augusto Barreto Sanchez,43
700,JiSung Nam,42
701,Joshua Sheehy,42
702,Mohamed Safwat,42
703,Santiago De La Fuente,42
704,Lorenzo Rottoli,42
705,Manas Dhamne,42
706,Alejandro Manzanera Pertusa,42
707,Emile Hudd,41
708,Mert Alkaya,41
709,John Sperle,41
710,Iannis Miletich,41
711,Samir Hamza Reguig,41
712,Ernesto Escobedo,40
713,Miguel Tobon,40
714,Uisung Park,40
715,Isaiah Strode,40
716,Axel Garcian,40
717,Thomas Faurel,40
718,Dusan Obradovic,40
719,Kosuke Ogura,40
720,Wishaya Trongcharoenchaikul,40
721,Raphael Perot,39
722,Nick Hardt,39
723,Elliot Benchetrit,39
724,Ryotaro Taguchi,39
725,Bautista Vilicich,39
726,Andrew Fenty,39
727,Blaise Bicknell,38
728,Gabriel Ghetu,38
729,Yaroslav Demin,38
730,Wilson Leite,38
731,Ivan Marrero Curbelo,38
732,Igor Gimenez,38
733,Taha Baadi,38
734,Gergely Madarasz,37
735,Jacob Bradshaw,37
736,Semen Pankin,37
737,Johan Nikles,37
738,Amaury Raynel,37
739,Leo Vithoontien,37
740,Mario Gonzalez Fernandez,37
741,Noah Schachter,37
742,Denis Kudla,36
743,Samuel Alejandro Linde Palacios,36
744,Kuan-Yi Lee,36
745,Lorenzo Bocchi,35
746,Steven Diez,35
747,Jakub Filip,35
748,Niccolo Catini,35
749,Pierre Yves Bailly,34
750,Ali Yazdani,34
751,Alan Magadan,34
752,Stefano Napolitano,34
753,Yusuke Kusuhara,34
754,Alexis Gautier,34
755,Albert Pedrico Kravtsov,34
756,Adrien Gobat,34
757,Aleksandr Lobanov,34
758,Michele Ribecai,34
759,Nick Chappell,33
760,Alan Fernando Rubio Fierros,33
761,Abel Forger,33
762,Fausto Tabacco,33
763,Amr Elsayed,33
764,Gavin Young,32
765,Igor Marcondes,32
766,Luca Preda,32
767,Yuta Kawahashi,32
768,Alexander Klintcharov,32
769,Ignacio Parisca Romera,32
770,Dragos Nicolae Cazacu,32
771,Orel Kimhi,31
772,Savva Polukhin,31
773,Koki Matsuda,31
774,Pierre Delage,31
775,Pablo Masjuan Ginel,31
776,Nicolas Tepmahc,31
777,Kiranpal Pannu,31
778,Felix Balshaw,31
779,Kai Wehnelt,31
780,S D Prajwal Dev,31
781,Roger Pascual Ferra,30
782,Attila Boros,30
783,Daniel Antonio Nunez,30
784,Quinn Vandecasteele,30
785,Rodrigo Alujas,30
786,Matthew Summers,30
787,Mate Valkusz,29
788,Dhakshineswar Suresh,29
789,Henry Bernet,29
790,Blu Baker,29
791,Reda Bennani,29
792,Duarte Vale,29
793,Kalin Ivanovski,29
794,Dinko Dinev,29
795,Gustavo Ribeiro De Almeida,29
796,Martin Van Der Meerschen,29
797,Sidharth Rawat,29
798,Yuta Kikuchi,29
799,Mert Naci Turker,29
800,Franco Ribero,29
801,Josip Simundza,29
802,Francesco Forti,28
803,Daniel Cukierman,28
804,Rudy Quan,28
805,Kaylan Bigun,28
806,Hoyoung Roh,28
807,Jules Marie,28
808,Sebastian Prechtel,28
809,Lautaro Agustin Falabella,28
810,Ezekiel Clark,28
811,Maxence Bertimon,28
812,Ozan Baris,27
813,Jack Anthrop,27
814,Ilya Ivashka,27
815,Ivan Ivanov,27
816,Victor Lilov,27
817,Oliver Anderson,27
818,Gilbert Klier Junior,27
819,Leonardo Aboian,27
820,Shinji Hazawa,27
821,Maik Steiner,27
822,Naoya Honda,27
823,Georgii Kravchenko,27
824,Taiyo Yamanaka,27
825,Yanaki Milev,27
826,Oliver Bonding,26
827,Moise Kouame,26
828,Mateo Barreiros Reyes,26
829,Filip Pieczonka,26
830,Mwendwa Mbithi,26
831,Miles Jones,26
832,Ryan Fishback,26
833,Thanapet Chanta,26
834,Giuseppe La Vela,26
835,Constantin Bittoun Kouzmine,26
836,Stefano D'Agostino,26
837,Tomohiro Masabayashi,26
838,Oscar Weightman,25
839,Jay Dylan Hara Friend,25
840,Ognjen Milic,25
841,Cruz Hewitt,25
842,Savriyan Danilov,25
843,Ioannis Xilas,25
844,Matt Hulme,25
845,Tyler Stice,25
846,Tai Sach,25
847,Leo Raquillet,25
848,Zura Tkemaladze,25
849,Thiago Cigarran,25
850,Marcello Serafini,25
851,Joaquin Aguilar Cardozo,25
852,Juan Ignacio Londero,24
853,Shunsuke Mitsui,24
854,Patrick Brady,24
855,Radu David Turcanu,24
856,Tomas Serrano Luis,24
857,Samuel Heredia,24
858,Elgin Khoeblal,24
859,Kane Bonsach Ganley,24
860,Chirag Duhan,24
861,Menelaos Efstathiou,24
862,Jasza Szajrych,24
863,Tomas Curras Abasolo,24
864,Mihai Razvan Marinescu,24
865,Kristijan Juhas,23
866,Maximilian Homberg,23
867,Evgeny Philippov,23
868,Juan Sebastian Osorio,23
869,Nikita Mashtakov,23
870,Michael Bassem Sobhy,23
871,Louis Tessa,23
872,Dimitris Sakellaridis,23
873,Nicolas Ian Kotzen,22
874,Yassine Dlimi,22
875,Georgi Georgiev,22
876,Sora Fukuda,22
877,Pawel Juszczak,22
878,Ivan Nedelko,22
879,Enzo Wallart,22
880,Sebastian Fanselow,22
881,Yaojie Zeng,22
882,Alexandre Reco,22
883,Thomas Braithwaite,22
884,Arthur Nagel,22
885,Yanis Ghazouani Durand,22
886,Pietro Marino,22
887,Marlon Vankan,22
888,Niklas Schell,22
889,Cedrik-Marcel Stebe,21
890,Toby Samuel,21
891,Daisuke Sumizawa,21
892,Juan Cruz Martin Manzano,21
893,Samuele Pieri,21
894,Matt Kuhar,21
895,Amit Vales,21
896,Nicolas Jadoun,21
897,Paul Inchauspe,20
898,Juan Sebastian Gomez,20
899,Toufik Sahtali,20
900,Axel Nefve,20
901,Sergio Callejon Hernando,20
902,Benjamin Thomas George,20
903,Artur Kukasian,20
904,Seydina Andre,20
905,Zoran Ludoski,19
906,Alejo Lorenzo Lingua Lavallen,19
907,Benjamin Torrealba,19
908,Matteo Covato,19
909,Lucas Marionneau,19
910,Lasse Poertner,19
911,Matyas Cerny,19
912,Kristjan Tamm,19
913,Andrea Fiorentini,19
914,Nikita Bilozertsev,18
915,Jea Moon Lee,18
916,Filippo Speziali,18
917,Simeon Stankovic,18
918,Alessandro Bellifemine,18
919,Jeremy Gschwendtner,18
920,Brian Bozemoj,18
921,Duckhee Lee,18
922,Gregor Ramskogler,18
923,Mariano Tammaro,18
924,Daniel De Jonge,18
925,Maxence Rivet,18
926,Niccolò Ciavarella,18
927,Alexandre Aubriot,18
928,Saveliy Ivanov,18
929,Andrew Delgado,17
930,Alec Deckers,17
931,Luca Pow,17
932,Spencer Johnson,17
933,David Pichler,17
934,Stefan Latinovic,17
935,Thomas Deschamps,17
936,Daniil Ostapenkov,17
937,Elijah Strode,17
938,Alberto Bronzetti,17
939,Chanyeong Oh,17
940,Adil Kalyanpur,17
941,Marcus Walters,17
942,Gian Marco Ortenzi,17
943,Joshua Charlton,17
944,Diogo Marques,17
945,Diego Fernandez Flores,17
946,Grigoriy Lomakin,17
947,Kaito Uesugi,16
948,Timo Legout,16
949,Thomas Fancutt,16
950,Devin Badenhorst,16
951,Blaz Rola,16
952,Timofei Derepasko,16
953,Sebastian Eriksson,16
954,Jaden Weekes,16
955,Pepijn Bastiaansen,16
956,Enzo Kohlmann De Freitas,16
957,Daniel Paty,16
958,Jumpei Yamasaki,16
959,Ruslan Tiukaev,16
960,Kasra Rahmani,16
961,Bogdan Pavel,16
962,Mika Lipp,16
963,Rares Teodor Pieleanu,16
964,Nikola Basic,16
965,Jesse Delaney,16
966,Benito Sanchez Martinez,15
967T,Pedro Vives Marcos,15
967T,Kuang Qing Xu,15
969,Lorenzo Gagliardo,15
970,Oskari Paldanius,15
971,Amir Omarkhanov,15
972,Petros Tsitsipas,15
973,Ioan Alexandru Chirita,15
974,Jan Kumstat,15
975,Nino Serdarusic,15
976,Marcel Zielinski,15
977,Aristarkh Safonov,15
978,Siddharth Vishwakarma,15
979,Chase Ferguson,15
980,M Rifki Fitriadi,15
981,Salvador Price,15
982,David Poljak,15
983,Sheng Tang,15
984T,Marko Maksimovic,15
984T,Lorenzo Sciahbasi,15
986,Peter Buldorini,15
987,Jan Kupcic,15
988,Finn Bass,15
989,Toby Martin,15
990,Pengyu Lu,15
991,Philip Hjorth,15
992,Brandon Perez,15
993,Gabriele Maria Noce,15
994,Oscar Jose Gutierrez,15
995,Michael Zhu,15
996,Preston Brown,15
997,Giannicola Misasi,15
998,Alexander Bernard,14
999,Kriish Tyagi,14
1000,Sidane Pontjodikromo,14
1001,Cooper Woestendick,14
1002,Daniel Siniakov,14
1003,Sebastian Dominko,14
1004,Pablo Martinez Gomez,14
1005,Maxim Shin,14
1006,Carles Hernandez,14
1007,Michel Hopp,14
1008,Lucio Ratti,14
1009,Andrin Casanova,14
1010,Alejandro Turriziani Alvarez,14
1011,Adan Freire Da Silva,14
1012,Ryan Dickerson,14
1013,Lorenzo Lorusso,14
1014,Charlie Camus,14
1015,Justin Schlageter,14
1016,Daniil Sarksian,14
1017,Hayden Jones,14
1018,Evan Bynoe,14
1019,Ezequiel Monferrer,14
1020,Nikola Milojevic,13
1021,Paul Barbier Gazeu,13
1022,Franco Emanuel Egea,13
1023T,Tymur Bieldiugin,13
1023T,Matthew Thomson,13
1025,Aoran Wang,13
1026,Shunsuke Nakagawa,13
1027,Ishaque Eqbal,13
1028,Oscar Moraing,13
1029,Younes Lalami Laaroussi,13
1030,Fernando Cavallo,13
1031,Juan Bautista Otegui,13
1032,Sungbeen Sim,13
1033,Mika Petkovic,13
1034,Nicolas Villalon,13
1035,Nathan Ponwith,13
1036,Valentin Basel,13
1037,Riccardo Bonadio,12
1038,Harrison Adams,12
1039,Pietro Romeo Scomparin,12
1040,Peter Heller,12
1041,Milan Welte,12
1042,Mario Martinez Serrano,12
1043,Derek Pham,12
1044,Martin Borisiouk,12
1045,Ryotero Matsumura,12
1046,Cezar Gabriel Papoe,12
1047T,Collin Altamirano,12
1047T,Thantub Suksumrarn,12
1049,Jesse Flores,12
1050,Leo Deflandre,12
1051,Patrick Kaukovalta,12
1052,Jeffrey Von Der Schulenburg,12
1053,Aliaksandr Liaonenka,12
1054,Carlos Maria Zarate,12
1055,Ronald Hohmann,12
1056,Alen Mujakic,12
1057,Illya Beloborodko,12
1058T,Aaron Funk,12
1058T,Aleksa Pisaric,12
1060T,Karol Filar,12
1060T,Phillip Jordan,12
1062,Manuel Plunger,12
1063,Martyn Pawelski,12
1064,Nitin Kumar Sinha,12
1065,Pavlos Tsitsipas,12
1066,Zhe Li,11
1067,Adam Neff,11
1068,Stian Klaassen,11
1069,Marc Van Der Merwe,11
1070,Alexander Kotzen,11
1071T,Yun seong Chung,11
1071T,Joshua Lapadat,11
1071T,Carl Emil Overbeck,11
1074T,Niccolo Baroni,11
1074T,Vlado Jankanj,11
1076,Aleksa Ciric,11
1077,Lucca Helguera Casado,11
1078,Rishab Agarwal,11
1079,Isaac Becroft,11
1080,Kacper Szymkowiak,11
1081,Tomas Martinez,11
1082,Rafael De Alba,11
1083,Benjamin Winter Lopez,11
1084,Deney Wassermann,11
1085,Vuk Radjenovic,11
1086,Joao Vitor Goncalves Ceolin,11
1087T,Mikael Arseneault,11
1087T,Kuzey Cekirge,11
1089,Nicolas Bruna,11
1090,Leonardo Malgaroli,11
1091,Corban Crowther,11
1092,Yuvan Nandal,11
1093,Izan Almazan Valiente,11
1094,Charles Chen,11
1095,Sam Ryan Ziegann,11
1096,Arthur Bonnaud,11
1097,Hugo Pierre,11
1098,Boris Butulija,11
1099,Noah Perfetti,11
1100,Mohamed Nazim Makhlouf,11
1101,Justin Barki,10
1102,Rohan Murali,10
1103,Lucas Renard,10
1104T,Enzo Aguiard,10
1104T,Adrian Bodmer,10
1104T,Christopher Li,10
1107T,Guy Orly Iradukunda,10
1107T,Alexander Rozin,10
1109,Christopher Bulus,10
1110,Keegan Rice,10
1111,Antoine Hoang,10
1112,Cengiz Aksu,10
1113,Jack Loutit,10
1114,Mikhail Gorokhov,10
1115,Finn Murgett,10
1116,Chen Dong,10
1117,Manish Sureshkumar,10
1118,Matteo De Vincentis,10
1119,Adam Jilly,10
1120,Alexander Stater,10
1121,Matisse Bobichon,10
1122,Aldin Setkic,10
1123,Antoine Berger,10
1124,Mateo Castañeda,10
1125,Pablo Trochu,10
1126T,Denis Petak,10
1126T,Matthias Ujvary,10
1128,Andreas Timini,10
1129,Stefan Vujic,10
1130,Ali Habib,10
1131,Ricardo Rodriguez - Pace,10
1132,Noah Thurner,10
1133,Keshav Chopra,10
1134,Gokberk Saritas,10
1135,Lucas Andrade Da Silva,9
1136,Lui Maxted,9
1137,Nam Hoang Ly,9
1138,Ilgiz Valiev,9
1139,Dominique Rolland,9
1140,Arklon Huertas Del Pino Cordova,9
1141,Andrea Meduri,9
1142,Liam Branger,9
1143,Marcel Kamrowski,9
1144,Cesar Bouchelaghem,9
1145,Tim Ruehl,9
1146,Vito Tonejc,9
1147,Simon Beaupain,9
1148,Vishnu Vardhan,9
1149,Mariano Dedura-Palomero,9
1150,Yuto Oki,9
1151,Pavel Verbin,9
1152,Yannik Kelm,9
1153,Adam Heinonen,9
1154,Alejandro Juan Mano,9
1155T,Alan Bojarski,9
1155T,Giorgio Tabacco,9
1157,Hanyi Liu,9
1158,Max Schoenhaus,9
1159T,Charles Bertimon,9
1159T,Luc Fomba,9
1161,Francesco Ferrari,9
1162,Maximo Zeitune,9
1163,Sasa Markovic,9
1164,Nico Hipfl,9
1165,Tristan Stringer,9
1166,Leyton Rivera,9
1167,Vignesh Gogineni,8
1168,Bastian Malla,8
1169,Thijs Boogaard,8
1170,Dylan Dietrich,8
1171,Artem Dubrivnyy,8
1172,Evgeny Donskoy,8
1173T,Liam Gavrielides,8
1173T,Ryo Tabata,8
1175T,Jack Kennedy,8
1175T,Novak Novakovic,8
1177,Nicolas Zanellato,8
1178,Benjamin Willwerth,8
1179,Nicolas Parizzia,8
1180,Antoine Vincent,8
1181,Luke Simkiss,8
1182,Cleeve Harper,8
1183,Igor Kudriashov,8
1184,Karlis Ozolins,8
1185,Romain Faucon,8
1186,Andres Fernandez Canovas,8
1187,Charlie Robertson,8
1188,Anas Mazdrashki,8
1189,Thando Longwe-Smit,8
1190,Dimitris Azoidis,8
1191T,Benjamin Hannestad,8
1191T,Mark Whitehouse,8
1193,Daniel Salazar,8
1194,Niels Lootsma,8
1195,Nikola Slavic,8
1196,Loic Namigandet Tenguere,8
1197,Bekkhan Atlangeriev,8
1198,Niklas Waldner,8
1199T,Ioannis Kountourakis,8
1199T,Andrea Paolini,8
1201,Billy Suarez,8
1202,Yuichiro Inui,8
1203,Koray Kirci,8
1204,Issei Okamura,8
1205,Jacopo Bilardo,8
1206,Manel Lazaro Juncadella,8
1207,Luca Fantini,8
1208,Nicolas Ifi,8
1209,Jeremy Schifris,8
1210,Cosme Rolland De Ravel,7
1211,Seita Watanabe,7
1212,Alejandro Arcila,7
1213,Tom Hands,7
1214,Alessio Vasquez,7
1215,Fermin Tenti,7
1216,Ray Ho,7
1217,Damien Salvestre,7
1218,Adit Sinha,7
1219,Calin Teodor Stirbu,7
1220,Filippo Alberti,7
1221T,Gage Brymer,7
1221T,Joshua Peck,7
1221T,Alessandro Spadola,7
1224,Liam Krall,7
1225,Vit Kalina,7
1226,Yshai Oliel,7
1227T,Julian Cundom,7
1227T,Iker Urribarrens Ramirez,7
1229,Pranav Kumar,7
1230,Valentin Lapalu,7
1231,Qian Sun,7
1232,Makoto Ochi,7
1233,Ignasi Forcano Aparicio,7
1234T,Ignacio Antonio Becerra Otarola,7
1234T,Ethan Cook,7
1234T,Mathieu Scaglia,7
1237,Federico Aguilar Cardozo,7
1238T,Manvydas Balciunas,7
1238T,Aleksander Chayka,7
1238T,Fabien Salle,7
1241,Xing Dao Chen,7
1242,Samuele Seghetti,7
1243,Zhenxiong Dong,7
1244,Ivan Denisov,7
1245,Alexander Petrov,7
1246,Lorenzo Angelini,7
1247,Daniele Rapagnetta,7
1248,Lorenzo Claverie,6
1249,Reese Stalder,6
1250,Vasek Pospisil,6
1251,Leo Raquin,6
1252,Noah Zamora,6
1253,Cing-Yang Meng,6
1254,Jagger Leach,6
1255,Vasco Leote Prata,6
1256,Karim Bennani,6
1257,Tiago Torres,6
1258,Geun Jun Kim,6
1259T,Gian Gruenig,6
1259T,Vladan Tadic,6
1261,Samuel Brosset,6
1262,Jarno Jans,6
1263,Pieter De Lange,6
1264,Nicaise Muamba,6
1265,Leonardo Cattaneo,6
1266T,Vlad Cristian Breazu,6
1266T,Luca Wiedenmann,6
1268,Admir Kalender,6
1269T,Alberto Odiseo Alvarado Berrospi,6
1269T,Bharath Nishok Kumaran,6
1271,Mikail Alimli,6
1272T,Jackson Ross,6
1272T,Yua Taka,6
1274,Sekou Bangoura,6
1275T,Szymon Kielan,6
1275T,Joao Victor Couto Loureiro,6
1275T,François Musitelli,6
1275T,Louis Van Herck,6
1279T,Fadi Bidan,6
1279T,David Fix,6
1279T,Alp Horoz,6
1282T,Alexis Canter,6
1282T,Rocco Valente,6
1284T,Credit Chaiyarin,6
1284T,Drew Van Orderlain,6
1286,Rafael Izquierdo Luque,6
1287,Bruno Fernandez,6
1288,Gabriele Bosio,6
1289T,Reece Falck,6
1289T,Matteo Fondriest,6
1289T,Michael Gloeckler,6
1292,Lucca Pinto,6
1293,Lawrence Bataljin,6
1294T,Juan Jose Bianchi,6
1294T,Daniel Khazime,6
1296T,Sean Hess,6
1296T,Yuquan Jin,6
1298,Jonathan Eysseric,5
1299T,Teymuraz Gabashvili,5
1299T,Michal Novansky,5
1301T,Mehdi Benchakroun,5
1301T,Andres Gabriel Ciurletti,5
1301T,Gabriel Donev,5
1301T,Alex Kuperstein,5
1301T,Niels Peter Van Noord,5
1306,Hugo Car,5
1307T,Suk Hyun Choo,5
1307T,Matyas Fuele,5
1309T,Christian Djonov,5
1309T,Dylan Salton,5
1311T,Romain Gales,5
1311T,Alejandro Garcia Carbajal,5
1313,Luc Koenig,5
1314T,Joaquin Guilleme,5
1314T,Alexander Vasilev,5
1316T,Khololwam Montsi,5
1316T,Tiago Silva,5
1318T,Maikel De Boes,5
1318T,Shu Matsuoka,5
1320T,Ignacio Carou,5
1320T,Jean-Christian Morandais,5
1322,William Jansen,5
1323,Rodrigo Fernandes,5
1324T,Madhwin Kamath,5
1324T,Bernardo Munk Mesa,5
1326T,Jonas Kucera,5
1326T,Yvo Panak,5
1328,Dax Donders,5
1329,Scott Jones,5
1330T,Amir Milushev,5
1330T,Edoardo Zanada,5
1332T,Oskar Grzegorzewski,5
1332T,Peetu Pohjola,5
1332T,Martin Sabas,5
1335,Noel Larwig,5
1336,Robert Guna,5
1337T,Markus Malaszszak,5
1337T,Stijn Pel,5
1337T,Ryota Tanuma,5
1340,Karim-Mohamed Maamoun,5
1341,Miljan Zekic,5
1342T,Jorge Plans,5
1342T,Richard Zusman,5
1344,Edison Ambarzumjan,5
1345,Kody Pearson,5
1346,Rafael Kis Balazs,5
1347,Yeong-Seok Jeong,5
1348,Gabor Hornung,5
1349T,Filip Krolo,5
1349T,Marc Majdandzic,5
1349T,Amador Salazar,5
1352,Tanguy Genier,5
1353T,Giacomo Crisostomo,5
1353T,Piet Luis Pinter,5
1353T,Gabriele Vulpitta,5
1356,Nicolas Buitrago,5
1357T,Daniel Batista,5
1357T,Tadeo Meneo,5
1359,Hernando Jose Escurra Isnardi,5
1360,Sergi Fita Juan,5
1361,Pietro Pampanin,5
1362,Maximilian Figl,5
1363,Karim Ibrahim,5
1364,Yuta Tomida,5
1365T,Blake Bayldon,4
1365T,Gianluca Brunkow,4
1365T,Francisco Cabral,4
1365T,Connor Thomson,4
1369T,Markos Kalovelonis,4
1369T,Thai-Son Kwiatkowski,4
1369T,Aleksi Lofman,4
1369T,Amirkhamza Nasridinov,4
1373,Rodrigo Crespo Piedra,4
1374T,Illya Marchenko,4
1374T,Joris Moret,4
1376T,Corey Craig,4
1376T,Bryce Nakashima,4
1378,Timofey Stepanov,4
1379,Noa Vukadin,4
1380T,Stepan Baum,4
1380T,Hugo Coquelin,4
1380T,Thomas Laurent,4
1380T,Julian Ocleppo,4
1384,Nicola Kuhn,4
1385T,Pierre Antoine Faut,4
1385T,Moritz Kudernatsch,4
1387,David Naharro,4
1388,Ilyas Milad Fahim,4
1389,Pedro Rodenas,4
1390T,Ryan Augusto Dos Santos,4
1390T,Rethin Pranav Senthil Kumar,4
1392T,Anas Bennour Dit Sahli,4
1392T,Anton Chekhov,4
1392T,Conor Gannon,4
1392T,Louis Herman,4
1392T,Edoardo Lavagno,4
1392T,Christian Lerby,4
1392T,Lucca Liu,4
1392T,Will Mayew,4
1392T,Kase Schinnerer,4
1392T,Fernando Yamacita,4
1402T,Aleksei Mokrov,4
1402T,Nathan Trouve,4
1404,Aayush P. Bhat,4
1405T,Sarp Agabigun,4
1405T,Lorenzo Beraldo,4
1405T,Stefan Horia Haita,4
1405T,Noah Schlagenhauf,4
1405T,Lingxi Zhao,4
1410T,David Eichenseher,4
1410T,Valentin Garay,4
1410T,Junhyeon Lee,4
1413,Julien De Cuyper,4
1414,Luciano Carraro,4
1415T,Artem Bogomolov,4
1415T,Jan Klimas,4
1415T,Oliver Okonkwo,4
1415T,Natan Rodrigues,4
1419,Enzo Camargo Lima,4
1420,Vincent Marysko,4
1421T,Gabriel Evans,4
1421T,Ivan Gretskiy,4
1421T,Sebastian Grundtvig Jorgensen,4
1421T,Rayane Oumaouche,4
1421T,Daniel Verbeek,4
1426T,Siddhant Banthia,4
1426T,Nathan Anthony Barki,4
1426T,Antonio Voljavec,4
1429T,Nikola Djosic,4
1429T,Jan Kobierski,4
1431T,Andrea De Marchi,4
1431T,Jonas Pelle Hartenstein,4
1431T,Patrik Oplustil,4
1434T,Ezequiel Simonit,4
1434T,Rafael Tosetto,4
1436T,Mousa Alkotop,4
1436T,Lewie Lane,4
1436T,Leonid Sheyngezikht,4
1436T,Fred Simonsson,4
1436T,Raphael Vaksmann,4
1436T,Sydney Zick,4
1442T,Valentin Kopeikin,4
1442T,Gorazd Srbljak,4
1444T,Joe Leather,4
1444T,Markus Molder,4
1446T,Ian Luca Cervantes Tomas,4
1446T,Nikos Lehmann,4
1448,Kazuma Kawachi,4
1449T,Parth Aggarwal,4
1449T,Alessandro Battiston,4
1449T,Filippo Mazzola,4
1452,Mateo Del Pino,4
1453T,Joao Graca,4
1453T,Naoki Tajima,4
1455,Jayden Court,4
1456,John Hallquist Lithen,4
1457,Nikola Jovic,4
1458T,Guido Andreozzi,3
1458T,Damien Clerc,3
1458T,Filip Duda,3
1458T,Federico Gaio,3
1458T,Alessandro Giannessi,3
1458T,Kelly Giese,3
1458T,Niklas Guttau,3
1458T,Evan King,3
1458T,Benito Massacri,3
1458T,Lucas Miedler,3
1458T,Matias Ponce De Leon Gomila,3
1458T,Johan Tatlot,3
1458T,Matej Vocel,3
1471T,Evan Burnett,3
1471T,Gilberto Ravasio,3
1471T,Gian Luca Tanner,3
1471T,Chun Ming Gary Yam,3
1475T,Wissam Abderrahman,3
1475T,Cesar Cruz,3
1475T,Keaton Hance,3
1475T,Casey Hoole,3
1475T,Petar Jovanovic,3
1475T,Loan Lestir,3
1475T,Daniel Phillips,3
1475T,Niels Ratiu,3
1475T,Lambert Ruland,3
1475T,Jelani Sarr,3
1485T,Arthur Bellegy,3
1485T,Duncan Chan,3
1485T,Renlong Pang,3
1485T,Yong Joon Park,3
1489T,Cade Birrell,3
1489T,Tyler Bowers,3
1489T,Ryan Colby,3
1489T,Connor Doig,3
1489T,Luca Giacomini,3
1489T,Volodymyr Iakubenko,3
1489T,Emanuel Ivanisevic,3
1489T,Aleksander Orlikowski,3
1489T,Oscar Otte,3
1489T,Dante Pagani,3
1489T,Matthew Rankin,3
1489T,Hudson Rivera,3
1489T,Saki Tange,3
1489T,Antoine Walch,3
1489T,Xiaofei Wang,3
1489T,Siem Woldeab,3
1505T,Lautaro Correa Beguerie,3
1505T,Felipe Dreer,3
1505T,Zsombor Velcz,3
1508T,Dillon Beckles,3
1508T,Alexis Gurmendi,3
1508T,Fnu Nidunjianzan,3
1511T,Walid Ahouda,3
1511T,Daniel Bagnolini,3
1511T,Antoine Bellier,3
1511T,Charlelie Cosnet,3
1511T,Karl Friberg,3
1511T,Herman Hoeyeraal,3
1511T,Pavel Lagutin,3
1511T,Samuel Puskar,3
1511T,Maciej Rajski,3
1511T,William Rejchtman Vinciguerra,3
1511T,Frazier Rengifo,3
1511T,Jonas Trinker,3
1523T,Mirko Martinez,3
1523T,Dmytro Shirokyi,3
1525,Nikolay Nedelchev,3
1526T,Antonio Caruso,3
1526T,Ondrej Horak,3
1526T,Dian Nedev,3
1526T,Braden Shick,3
1526T,Konstantin Zhzhenov,3
1531T,Jiri Barnat,3
1531T,Dmitry Bessonov,3
1531T,Noah Johnston,3
1531T,Rohan Mehra,3
1531T,Giulio Perego,3
1531T,Yu Tanaka,3
1537,Stefano Reitano,3
1538T,Vladimir Bazilevskiy,3
1538T,Rodolfo Jauregui Sainz de Rozas,3
1538T,Adam Jones,3
1538T,Arvid Nordquist,3
1538T,Alex Santino Nuñez Vera,3
1543T,Luca Staeheli,3
1543T,Roland Stuurman,3
1543T,Riku Takahata,3
1546,Thomas Gerbaud,3
1547T,Bryan Hernandez Cortes,3
1547T,William Hsieh,3
1547T,Fumin Jiang,3
1547T,Yusuf Khamis,3
1547T,Nemanja Malesevic,3
1547T,Oliver Ojakaar,3
1547T,Photos Photiades,3
1554T,Ammar Alhogbani,3
1554T,Patricio Alvarado,3
1554T,Nikolai Barsukov,3
1554T,Jesse De Jager,3
1554T,Kevin Edengren,3
1554T,Adam Farag Cao,3
1554T,Moritz Hoffmann,3
1554T,Viktor Jovic,3
1554T,Hiromasa Koyama,3
1554T,George Lazarov,3
1554T,Sergio Planella Hernandez,3
1554T,Victor Hugo Remondy Pagotto,3
1566,James Beaven,3
1567T,Alessio Basile,3
1567T,Alex Finkelstein,3
1567T,Seungmin Park,3
1567T,Alan Raul Sau Franco,3
1567T,Anthony Susanto,3
1572T,Vesa Ahti,3
1572T,Kylian Collignon,3
1572T,Andres Delgadillo,3
1572T,Jakub Kroslak,3
1572T,Bora Sengul,3
1572T,Jake Van Emburgh,3
1578,Tomas Lanik,3
1579T,Kaya Arinc,3
1579T,Yunseok Jang,3
1579T,Vadym Konovchuk,3
1579T,Iker Sevilla,3
1579T,Gabriele Volpi,3
1579T,Alexander Zgirovsky,3
1585T,Simone Agostini,3
1585T,Luke Hooper,3
1585T,Jan Hrazdil,3
1585T,Raghav Jaisinghani,3
1585T,Matei Cristian Onofrei,3
1585T,Rishi Reddy,3
1585T,Oren Vasser,3
1592T,Matteo Lavizzari,3
1592T,Matas Vasiliauskas,3
1594,Jan Jermar,3
1595,Carles Cordoba,3
1596T,Radovan Michalik,3
1596T,Nicolo Toffanin,3
1598,Luis Garcia Paez,3
1599,Alexey Aleshchev,3
1600,Nikita Ianin,3
1601T,Alfred Almasi,2
1601T,Michael Antonius,2
1601T,Theo Arribage,2
1601T,Luis Britto,2
1601T,Inigo Cervantes,2
1601T,Seongwoo Cho,2
1601T,Casper Christensen,2
1601T,Theodore Dean,2
1601T,Roberto Ferrer Guimaraes,2
1601T,Tomas Gerini,2
1601T,Saahith Jayaraman,2
1601T,Kevin King,2
1601T,Kacper Knitter,2
1601T,Zaid Mashni,2
1601T,Anders Matta,2
1601T,Siphosothando Montsi,2
1601T,Guillermo Olaso,2
1601T,Hunter Reese,2
1601T,Fernando Romboli,2
1601T,Yaraslav Shyla,2
1601T,Marcelo Zormann,2
1622T,Yannick Theodor Alexandrescou,2
1622T,Ulises Blanch,2
1622T,Billy Blaydes,2
1622T,Raul Garcia,2
1622T,Amine Jamji,2
1622T,Henri Laaksonen,2
1622T,Andrej Loncarevic,2
1622T,Alexander Razeghi,2
1622T,Simon Reveniau,2
1622T,Elio Jose Ribeiro Lago,2
1622T,Joao Vitor Scramin Do Lago,2
1622T,Pijus Vaitiekunas,2
1634T,Kiruthik Kalyaan Annur Senthil Kumar,2
1634T,Thanaphat Boosarawongse,2
1634T,Connor Bruce,2
1634T,Nathan Cox,2
1634T,Toru Horie,2
1634T,Dayne Kelly,2
1634T,Jangjun Kim,2
1634T,Oscar Lacides,2
1634T,Peter Makk,2
1634T,Luka Miklavcic,2
1634T,Leonardo Primucci,2
1634T,Harry Pugh,2
1634T,Sebastian Rodriguez,2
1647T,Jerko Brkic,2
1647T,Emiliano Jorquera,2
1647T,Tilen Kovac,2
1647T,Melvin Kumar,2
1647T,Vardan Manukyan,2
1647T,William Mirarchi,2
1647T,Alberto Morolli,2
1647T,Max Sheldon,2
1647T,JJ Tracy,2
1647T,Andres Urrea,2
1647T,Zack Viiala,2
1647T,Kacper Zuk,2
1659T,Taym Al Azmeh,2
1659T,Miles Clark,2
1659T,Sebastiano Cocola,2
1659T,Matias Franco Descotte,2
1659T,Dmitry Dolzhenkov,2
1659T,Jose Dominguez Alonso,2
1659T,Federico Guarducci,2
1659T,Botond Kisantal,2
1659T,Dheeraj Kodancha Srinivasan,2
1659T,Noritaka Koizumi,2
1659T,Ferdinand Livet Novkirichka,2
1659T,Karol Malirz,2
1659T,Duje Markovina,2
1659T,Marko Mesarovic,2
1659T,Shu Muto,2
1659T,Ilija Palavestra,2
1659T,Valerio Perruzza,2
1659T,Carl Roothman,2
1659T,Joao Silva,2
1659T,Valentin Vanta,2
1659T,Phoenix Weir,2
1659T,Jimmy Yang,2
1681T,Edoardo cherie Ligniere,2
1681T,Anthony Genov,2
1681T,Jim Hendrikx,2
1681T,Shion Itsusaki,2
1681T,Luke Saville,2
1681T,Kosuke Shibano,2
1687T,Julian Alonso Jr,2
1687T,Daniil Bogatov,2
1687T,Raphael Calzi,2
1687T,Elijah Cham,2
1687T,Yan Cheng Chen,2
1687T,Edoardo De Filippo,2
1687T,Spencer Gray,2
1687T,Daniel Jade,2
1687T,Alex Kobelt,2
1687T,Clement Lemire,2
1687T,Viktor Markov,2
1687T,Ofek Shimanov,2
1687T,Mehluli Don Ayanda Sibanda,2
1700T,Milledge Cossu,2
1700T,Pranav Karthik,2
1700T,Sina Moghimi,2
1700T,Ko Suzuki,2
1700T,Martin Antonio Vergara Del Puerto,2
1705T,Andrea Colombo,2
1705T,Stefan Cooper,2
1705T,Alex De Gabriele,2
1705T,Gian Matias Di Natale,2
1705T,Jarrod Joyce,2
1705T,Alejandro Lopez Escribano,2
1705T,William Mroz,2
1705T,Grigory Shebekin,2
1705T,Anton Shepp,2
1705T,Denis Spiridon,2
1705T,Taketo Takamisawa,2
1705T,Aditya Vishal Balsekar,2
1705T,Leopold Zima,2
1718T,Dorian Tremblay,2
1718T,Ludovico Vaccari,2
1718T,Alan Wazny,2
1721T,Matei Florin Breazu,2
1721T,Arthur Laborde,2
1721T,Fryderyk Lechno-Wasiutynski,2
1721T,Andrea Motta,2
1721T,Patrik Munkhammar,2
1721T,Tomislav Edward Papac,2
1721T,Bogdan Seleznev,2
1721T,Cedric Stanke,2
1721T,Zhengyu Sun,2
1721T,Kian Vakili,2
1721T,Federico Valle,2
1721T,Paul Valsecchi,2
1721T,Jefferson Wendler Filho,2
1721T,Linghao Zhang,2
1735T,S Mert Ozdemir,2
1735T,Digvijaypratap Singh,2
1737T,Stylianos Christodoulou,2
1737T,Ye Hongyu,2
1737T,Zekai Li,2
1737T,Benjamin O'Connell,2
1737T,Darius Florin Pop,2
1737T,Bang Shuo Yin,2
1737T,Daiki Yoshimura,2
1744,Marco Furlanetto,2
1745T,Sai Karteek Reddy Ganta,2
1745T,Aaron Gil Garcia,2
1745T,Xirui Han,2
1745T,Lukas Hellum-Lilleengen,2
1745T,Matic Kriznik,2
1745T,Louis Larue,2
1745T,Nik Mikovic,2
1745T,Nicolas Philibert,2
1745T,Tobias Sonne,2
1745T,Weitao Xu,2
1755T,Henrik Bladelius,2
1755T,Jurriaan Bol,2
1755T,Alvaro Bueno Gil,2
1755T,Giovanni Calvano,2
1755T,Jiri Cizek,2
1755T,Daniel Domingos,2
1755T,Carlos Giraldi,2
1755T,Aljaz Jeran,2
1755T,Samuil Konov,2
1755T,Rocco Piatti,2
1765T,Viktor Frydrych,2
1765T,Jordi Garcia Mestre,2
1765T,Thijmen Loof,2
1765T,Gabriel Matuszewski,2
1765T,Abhinav Sanjeev Shanmugam,2
1765T,Alaa Trifi,2
1771T,Matic Dimic,2
1771T,Ammar Elamin,2
1771T,Isaac Nortey,2
1771T,Pierre Antoine Tailleu,2
1775T,Felipe De Dios,2
1775T,Maan Kesharwani,2
1777T,Dmitry Kopilevich,2
1777T,Mateya Stanisavljevic,2
1779,Mihai Alexandru Coman,2
1780T,Artur Aiukhanov,1
1780T,Shaheed Alam,1
1780T,Leonardo Angeloni,1
1780T,Filip Apltauer,1
1780T,Cosimo Banti,1
1780T,Jerry Barton,1
1780T,Tudor Batin,1
1780T,Mika Berghaus,1
1780T,Shivank Bhatnagar,1
1780T,Mathis Bondaz,1
1780T,Santiago Bramajo,1
1780T,Omar Brigida,1
1780T,Noah Brownrigg,1
1780T,Tighe Brunetti,1
1780T,Siu Chi Nicholas Cheng,1
1780T,Alberto Colas Sanchez,1
1780T,Francesco Cordova,1
1780T,Gianluca Di Nicola,1
1780T,Karol Drzewiecki,1
1780T,Birtan Duran,1
1780T,Diego Duran,1
1780T,Paul Ender,1
1780T,Tarek Erlewein,1
1780T,Xavier Ferrer Mateo,1
1780T,Perry Gregg,1
1780T,Maxim Groysman,1
1780T,Patorn Hanchaikul,1
1780T,Mark Havlicek,1
1780T,Yuya Hirose,1
1780T,Dario Huber,1
1780T,Sergio Ingles Garre,1
1780T,Oskar Jansson,1
1780T,Michael Dylan Jimenez,1
1780T,Andrew Johnson,1
1780T,Mathieu Josserand,1
1780T,Hamza Karmoussi,1
1780T,Mischa Lanz,1
1780T,Isaac Lhomond,1
1780T,Aleksandar Ljubojevic,1
1780T,Noah Lopez Cherubino,1
1780T,Gerardo Lopez Villasenor,1
1780T,Mikolaj Lorens,1
1780T,Mihnea Maftei,1
1780T,Martin Maldonado,1
1780T,Maurus Malgiaritta,1
1780T,Richard Mallory,1
1780T,Maciej Matuszczyk,1
1780T,Ashton Mcleod,1
1780T,Joel Meda,1
1780T,Przemyslaw Michocki,1
1780T,Peter Nad,1
1780T,Mason Naumovski,1
1780T,Bruno Nhavene,1
1780T,Ricard Novell,1
1780T,Ignacio Novo,1
1780T,Alexander Ikenna Okonkwo,1
1780T,Alexander Orlov,1
1780T,Viacheslav Ovchinnikov,1
1780T,Lukas Palovic,1
1780T,Kunanan Pantaratorn,1
1780T,Arnav Vijay Paparkar,1
1780T,Matija Pecotic,1
1780T,Felipe Pinzon Moreno,1
1780T,Emil Rast,1
1780T,Tomas Rengel Sierra,1
1780T,Vincent Rettke,1
1780T,Rodrigo Reyna,1
1780T,Agassi Rusher,1
1780T,Leevi Saatela,1
1780T,Daniel Sancho,1
1780T,Tiran Sanghera,1
1780T,Edoardo Santoni,1
1780T,Batyr Sapaev,1
1780T,Jack Secord,1
1780T,Mitchell Sheldon,1
1780T,Hayden Shoemake,1
1780T,Mustafa Ege Sik,1
1780T,Leon Sloboda,1
1780T,Stephen Slocombe,1
1780T,Kazuki Sugimoto,1
1780T,Elias Sumann,1
1780T,Luciano Tacchi,1
1780T,Jip Van Assendelft,1
1780T,James Van Herzeele,1
1780T,Felipe Vazquez,1
1780T,Nicola Vidal,1
1780T,Max Villar,1
1780T,Christian Wedel,1
1780T,Sam Wensley,1
1780T,Dominic West,1
1780T,Dawid Wisniewski,1
1780T,Bartosz Wojnar,1
1780T,Anthony Wright,1
1780T,Carlos Zerega,1
1874T,Alan Abdullin,1
1874T,Karim Al-Amin,1
1874T,Mert Aytekin,1
1874T,Martin Benes,1
1874T,Tristan Berard,1
1874T,Victor Braga,1
1874T,Timothy Carlsson Seger,1
1874T,Salvatore Caruso,1
1874T,Luke Casper,1
1874T,Jordan Correia,1
1874T,Joaquim de Almeida,1
1874T,Vito Dell'Elba,1
1874T,Nikola Djukic Valera,1
1874T,Sid Donarski,1
1874T,Ivan Dreycopp,1
1874T,Maximus Dussault,1
1874T,Oskari Eerola,1
1874T,Lorenzo Esquici,1
1874T,Janos Fekete,1
1874T,Juan Carlos Fuentes Vasquez,1
1874T,Thomas Nicholas Gadecki,1
1874T,Andrei Corneliu Gadoiu,1
1874T,Giammarco Gandolfi,1
1874T,Filippo Francesco Garbero,1
1874T,Iker Gaztambide Arrastia,1
1874T,Alexander Glomb,1
1874T,Aditya Govila,1
1874T,Filip Gustafsson,1
1874T,Asahi Harazaki,1
1874T,Matthew Harris,1
1874T,Lucas Horve,1
1874T,Chun-Chien Hou,1
1874T,Nicolas Hurtado Novoa,1
1874T,Tatsuma Ito,1
1874T,Mihail Ivanov,1
1874T,Alejandro Jacome Jaramillo,1
1874T,Alex Jones,1
1874T,Mickael Kaouk,1
1874T,Toshiki Karigyo,1
1874T,Dong Ju Kim,1
1874T,Jae Hwan Kim,1
1874T,Kenzo Koistila Larsson,1
1874T,Holden Koons,1
1874T,Veljko Krstic,1
1874T,Espen Lagarde,1
1874T,Lance Lage,1
1874T,Yazid Lahjomri,1
1874T,Daniel Little,1
1874T,Cyrus Mahjoob,1
1874T,Adam Majchrzak,1
1874T,Ajay Malik,1
1874T,Tomas Marin,1
1874T,Stefan Menichella,1
1874T,Andreas Messis,1
1874T,Petr Michnev,1
1874T,Mak Mikovic,1
1874T,Milos Mikovic,1
1874T,Zhou Mingzhou,1
1874T,Moein Moazam,1
1874T,Javier Molino,1
1874T,Diogo Morais,1
1874T,Freddy Murray,1
1874T,Mattia Nannelli,1
1874T,Andy Nguyen,1
1874T,Daniil Piatrouski,1
1874T,Tomas Pinho,1
1874T,Yannik Rahman,1
1874T,Cesar Ramirez,1
1874T,Arjun Rathi,1
1874T,Pablo Robledo,1
1874T,Hillel Rousseau,1
1874T,Yan Sabanin,1
1874T,Kaua Lorenzo Santos Gava,1
1874T,Jack Satterfield,1
1874T,David Saye,1
1874T,Yoshka Sborowsky,1
1874T,Gabriel Schenekenberg,1
1874T,Igor Shrolik,1
1874T,Andre Steinbach,1
1874T,Max Stenzer,1
1874T,Leonardo Taddia,1
1874T,Etienne Teboh,1
1874T,Flynn Thomas,1
1874T,Aadarsh Tripathi,1
1874T,Venedikt Tsirikidze,1
1874T,Yubel Ubri,1
1874T,Alexander Ushakov,1
1874T,Abdulaziz Usmonjonov,1
1874T,Sean Van Rensburg,1
1874T,Iiro Vasa,1
1874T,Lachlan Vickery,1
1874T,Alexander Vikhlyantsev,1
1874T,Gray Voelzke,1
1874T,Max Westphal,1
1874T,Aaron James Williams,1
1874T,Xiaoyin Yang,1
1874T,Arturs Zagars,1
1971T,Damir Abdusamadov,1
1971T,Zachary Adam-Gedge,1
1971T,Laurin Aerne,1
1971T,Mohammad Alkotop,1
1971T,Pol Amoros Ramos,1
1971T,Christos Antonopoulos,1
1971T,Romeo Arcuschin,1
1971T,Sergio Badini,1
1971T,Carson Baker,1
1971T,Michael Alejandro Beltran Rubio,1
1971T,Patricio Betancourt Gonzalez,1
1971T,Adrien Burdet,1
1971T,Miguel Angel Cabrera,1
1971T,Filippo Callerio,1
1971T,Cristian Campese,1
1971T,Vasilios Caripi,1
1971T,Marcos Castro Fabra,1
1971T,Yash Chaurasia,1
1971T,Lorenzo Comino,1
1971T,Nav Dayal,1
1971T,Julian Desousa,1
1971T,Marin Dumitru,1
1971T,Gabriel Elicha Navas,1
1971T,Samyar Elyasi,1
1971T,Maxwell Exsted,1
1971T,Corey Gaal,1
1971T,Nicolas Rafael Goldberg Alviani,1
1971T,Kornel Halmos,1
1971T,Gregor Hausberger,1
1971T,Ryan Haviland,1
1971T,Theo Herrmann,1
1971T,Patrik Homola,1
1971T,Haoyuan Huang,1
1971T,Harold Huens,1
1971T,Noah Karma,1
1971T,Tarun Karra,1
1971T,Ivan Kazakov,1
1971T,Darian King,1
1971T,Weiyi Kong,1
1971T,Yuhei Kono,1
1971T,Alexander Krylov,1
1971T,Andrei Kunitsyn,1
1971T,Mikhail Malakhovich,1
1971T,Mario Mansilla Diez,1
1971T,Daniel Marincas,1
1971T,Norbert Marosik,1
1971T,Louroi Martinez,1
1971T,Gasper Matijasic,1
1971T,Vladislav Melnic,1
1971T,Felix Mischker,1
1971T,Abdulhamid Mubarak,1
1971T,Hien Pham,1
1971T,Boris Pokotilov,1
1971T,Loris Pourroy,1
1971T,Peter Benjamin Privara,1
1971T,Bruno Pujol Navarro,1
1971T,Nico Rating,1
1971T,Savva Rybkin,1
1971T,Jonas Schaer,1
1971T,Tom Sickenberger,1
1971T,Fredrik Krogh Solheim,1
1971T,Yusaku Sugaya,1
1971T,Bjorn Swenson,1
1971T,Dean Thurner,1
1971T,Emon Van Loben Sels,1
1971T,Yamato Yukawa,1
1971T,Gonzalo Zeitune,1
1971T,Tom Zeuch,1
2039T,Muni Ananth Mani,1
2039T,Dusan Baranec,1
2039T,Marcell Bartakovics,1
2039T,Sami Ben Abdennibi,1
2039T,Dakotah Bobo,1
2039T,Leonardo Borrelli,1
2039T,Mateo Carballo,1
2039T,Lucio Carnevalle,1
2039T,Pavlos Christoforakis,1
2039T,Reuben De Klerk,1
2039T,Hamza El Amine,1
2039T,Hong-Lin Fu,1
2039T,Syl Gaxherri,1
2039T,Nicholas Godsick,1
2039T,Timothy Gray,1
2039T,Benjamin Gusic - Wan,1
2039T,Kaeri Hernandez Mariona,1
2039T,Yeonsu Jeong,1
2039T,Atakan Karahan,1
2039T,Matt Kleiman,1
2039T,Nicolas Kobelt,1
2039T,Daniel Lara Salmeron,1
2039T,Jules Leroux,1
2039T,William Manning,1
2039T,Matteo Mesaglio,1
2039T,Ahmed Mouhan,1
2039T,Jonathan Mridha,1
2039T,Ren Nakamura,1
2039T,Fabrizio Karol Pio Osti,1
2039T,Charlie Pade,1
2039T,Piotr Pawlak,1
2039T,Hiroki Sakagawa,1
2039T,Michalis Sakellaridis,1
2039T,Manuel Sanchez,1
2039T,Piotr Siekanowicz,1
2039T,Gabriel Tumasonis,1
2039T,Guillermo Tunas,1
2039T,Fons Van Sambeek,1
2039T,Ronetto Van Tilburg,1
2039T,Elias Julian Werner,1
2039T,Yash Yadav,1
2080T,Max Benaim,1
2080T,Alexander Bravo,1
2080T,Alessandro Coccioli,1
2080T,Sven Corbinais,1
2080T,Guy Den Heijer,1
2080T,Rahul Dhokia,1
2080T,Mathys Domenc,1
2080T,Patrick Foley,1
2080T,Tobias Franco,1
2080T,Seonyong Han,1
2080T,Alvaro Jimenez,1
2080T,Jack Karlsson Wistrand,1
2080T,Bruno Kokot,1
2080T,Karl Kazuma Lee,1
2080T,Dylan Long,1
2080T,Noah Lopez,1
2080T,Alexander Maggs,1
2080T,Cian Maguire,1
2080T,Goncalo Marques,1
2080T,Jirat Navasirisomboon,1
2080T,Weiwen Pan,1
2080T,Drazen Petrovic,1
2080T,Dominik Recek,1
2080T,Martins Rocens,1
2080T,Atharva Sharma,1
2080T,Mikal Statham,1
2080T,Vullnet Tashi,1
2080T,Breno Rossetto Urvaneja,1
2080T,Lars Goran Verwerft,1
2080T,Edouard Villoslada,1
2080T,Alexander Wagner,1
2080T,Vitaliy Zatsepin,1
2112T,Marco Alvarez,1
2112T,Mateo Luis Alvarez Sarmiento,1
2112T,Melih Anavatan,1
2112T,Oscar Galimardanov,1
2112T,Federico Garbero,1
2112T,Erik Grevelius,1
2112T,Eric Hadigian,1
2112T,Henri Haupt,1
2112T,Rein Koenders,1
2112T,Joel Angel Lucero,1
2112T,Arjun Mehrotra,1
2112T,Silvio Mencaglia,1
2112T,Saba George Nanobashvili,1
2112T,Joao Portugal,1
2112T,Gheorghe Claudiu Schinteie,1
2112T,Rafael Segado Esteve,1
2112T,Glib Sekachov,1
2112T,Michael Shaw,1
2112T,Mattias Southcombe,1
2112T,Miha Vetrih,1
2112T,Kerem Yilmaz,1
2133T,Alejandro Bancalari,1
2133T,Federico Campana,1
2133T,Vlad Andrei Dancu,1
2133T,Liam Delicata,1
2133T,Kabir Hans,1
2133T,Ryusuke Horiuchi,1
2133T,Jakub Jedrzejczak,1
2133T,Danil Panarin,1
2133T,Matt Ponchet,1
2133T,Essa Qabazard,1
2133T,Nicolas Esteban Rico Arias,1
2133T,Lazar Vojinovic,1
2133T,Minghui Zhang,1
2146T,Louis Allen,1
2146T,Marcos Lee Chan Baratau,1
2146T,Jonas Gundacker,1
2146T,Nicolas Hollender,1
2146T,Makar Krivoshchekov,1
2146T,Enmanuel Munoz,1
2146T,Kyle Overmyer,1
2146T,Luca Parenti,1
2146T,Benjamin Pietri,1
2146T,Nicola Rispoli,1
2146T,Justin Roberts,1
2146T,Daniel Uta,1
2158T,Yuttana Charoenphon,1
2158T,Nicolas Garcia Longo,1
2158T,Stefan Kostic,1
2158T,Aryan Lakshmanan,1
2158T,Kazuki Nishiwaki,1
2158T,Guilherme Valdoleiros,1
2158T,Zhan Zheng,1
2165T,Abraham Asaba,1
2165T,Petr Iamachkine,1
2165T,Leo Lagarrigue,1
2168T,Andrea Bacaloni,1
2168T,Stijn Paardekooper,1
2170,Benjamin Torres,1
