Elo Rank,player name,age,elo,hElo rank,hElo,cElo rank,cElo,gElo rank,gElo,peak elo,peak month,atp rank
1,Carlos Alcaraz,22.1,2246.4,2,2128.9,1,2203.5,1,2126.6,2259.0,2025-06,2
2,Jannik Sinner,23.8,2241.4,1,2194.1,2,2128.0,2,2049.1,2329.6,2025-01,1
3,Novak Djokovic,38.1,2164.7,3,2116.3,3,2084.8,3,2037.6,2463.2,2016-05,6
4,Jack Draper,23.5,2055.8,5,2013.8,7,1940.9,6,1877.8,2103.8,2025-04,5
5,Alexander Zverev,28.1,2050.0,4,2015.9,5,1997.6,5,1879.9,2176.5,2022-01,3
6,Taylor Fritz,27.7,2033.3,6,1972.7,14,1899.1,4,1940.8,2054.0,2025-01,4
7,Alex De Minaur,26.4,2007.1,7,1957.8,12,1900.7,11,1839.4,2053.1,2024-06,8
8,Lorenzo Musetti,23.3,2006.8,23,1862.8,4,1997.8,7,1869.4,2050.5,2025-05,10
9,Tommy Paul,28.1,1989.9,10,1925.3,8,1933.0,9,1847.4,2028.8,2025-05,15
10,Casper Ruud,26.5,1974.2,13,1889.3,6,1959.2,40,1710.4,2071.9,2022-05,13
11,Grigor Dimitrov,34.1,1972.3,9,1934.2,16,1873.9,13,1820.4,2111.5,2014-08,20
12,Daniil Medvedev,29.4,1969.5,8,1941.0,13,1899.5,8,1863.8,2201.2,2022-01,14
13,Alexander Bublik,28.0,1938.3,35,1804.1,15,1893.1,12,1838.2,1938.3,2025-07,25
14,Matteo Berrettini,29.2,1936.4,21,1865.0,10,1925.2,10,1844.0,2065.7,2022-07,57
15,Holger Rune,22.1,1933.2,11,1897.3,11,1901.6,19,1776.5,2082.0,2023-05,9
16,Jiri Lehecka,23.6,1930.8,20,1866.5,27,1802.2,15,1797.8,1966.5,2025-02,27
17,Ben Shelton,22.7,1924.8,16,1881.7,22,1828.7,18,1778.0,1975.5,2024-10,7
18,Tallon Griekspoor,29.0,1922.2,19,1871.6,25,1822.8,14,1818.2,1951.8,2025-06,31
19,Stefanos Tsitsipas,26.8,1917.6,18,1872.2,9,1930.2,30,1732.8,2145.1,2021-05,30
20,Alejandro Davidovich Fokina,26.1,1915.4,24,1860.4,23,1827.0,28,1735.5,1931.2,2021-05,19
21,Karen Khachanov,29.1,1913.7,25,1852.5,17,1852.8,17,1785.0,2029.5,2018-10,16
22,Joao Fonseca,18.8,1898.7,12,1896.1,30,1793.7,47,1690.5,1992.5,2025-03,49
23,Tomas Machac,24.7,1888.5,15,1885.0,41,1754.3,38,1717.2,1972.7,2025-04,22
24,Jakub Mensik,19.8,1887.7,14,1885.4,35,1774.3,42,1705.2,1968.7,2025-04,18
25,Gael Monfils,38.8,1883.9,22,1863.8,54,1730.9,45,1692.1,2087.1,2016-10,48
26,Flavio Cobolli,23.2,1881.8,42,1770.5,21,1832.7,22,1753.1,1895.6,2025-07,17
27,Andrey Rublev,27.7,1879.9,27,1840.4,18,1848.2,16,1789.4,2122.1,2021-04,11
28,Arthur Fils,20.9,1878.0,37,1797.1,20,1842.5,36,1722.6,1985.4,2025-04,21
29,Sebastian Korda,24.8,1877.7,29,1839.7,40,1762.0,21,1771.0,2020.7,2023-01,33
30,Francisco Cerundolo,26.9,1876.9,28,1840.3,19,1846.8,57,1660.7,1961.6,2025-04,24
31,Gabriel Diallo,23.8,1875.1,39,1781.7,39,1763.6,27,1742.8,1890.0,2025-06,36
32,Thanasi Kokkinakis,28.7,1872.6,32,1822.4,37,1771.4,69,1643.4,1890.3,2015-06,161
33,Ugo Humbert,27.0,1865.2,17,1880.7,55,1730.4,37,1718.7,2017.7,2024-03,23
34,Jordan Thompson,31.1,1859.3,31,1825.3,104,1648.1,24,1752.1,1891.2,2024-12,44
35,Felix Auger Aliassime,24.8,1853.4,30,1828.0,28,1797.7,33,1728.0,2062.7,2022-10,28
36,Cameron Norrie,29.9,1851.7,41,1776.6,24,1826.6,25,1746.6,2028.6,2022-08,39
37,Denis Shapovalov,26.2,1850.5,26,1849.6,46,1740.5,54,1670.7,1983.2,2020-01,29
38,Frances Tiafoe,27.4,1849.9,33,1808.9,31,1790.0,34,1725.8,1974.0,2023-06,12
39,Hubert Hurkacz,28.3,1845.8,40,1777.9,32,1781.1,23,1752.3,2022.5,2024-06,37
40,Brandon Nakashima,23.9,1845.1,34,1807.4,49,1736.1,26,1744.9,1909.5,2024-09,32
41,Corentin Moutet,26.2,1838.0,48,1758.8,45,1746.4,29,1735.3,1844.5,2025-07,46
42,Matteo Arnaldi,24.4,1835.6,36,1799.8,29,1795.4,87,1619.1,1902.9,2024-06,41
43,Luciano Darderi,23.4,1830.9,164,1562.1,26,1822.4,90,1616.6,1857.0,2024-06,35
44,Marcos Giron,31.9,1823.5,38,1784.2,82,1683.5,32,1728.6,1874.1,2025-03,59
45,Jacob Fearnley,23.9,1818.3,43,1769.9,43,1748.6,50,1678.2,1910.0,2024-10,55
46,Alexei Popyrin,25.9,1811.8,47,1758.9,34,1779.9,61,1650.1,1902.2,2024-10,26
47,Marin Cilic,36.7,1810.4,52,1752.4,51,1734.2,20,1776.1,2100.4,2010-02,63
48,Jenson Brooksby,24.7,1809.6,45,1760.4,53,1731.0,39,1712.2,2005.3,2022-03,102
49,Filip Misolic,23.9,1802.2,94,1651.9,38,1771.4,74,1638.8,1829.4,2025-07,95
50,Mariano Navone,24.3,1797.7,139,1600.3,33,1780.2,124,1563.7,1875.9,2024-04,77
51,Alex Michelsen,20.9,1796.2,44,1765.6,105,1647.9,43,1695.7,1904.8,2025-01,34
52,Fabian Marozsan,25.7,1793.4,59,1733.0,47,1736.7,103,1597.9,1867.2,2024-04,56
53,Nuno Borges,28.3,1792.7,46,1759.5,44,1747.5,78,1630.7,1843.6,2025-03,42
54,Roberto Bautista Agut,37.2,1792.2,63,1723.3,52,1731.4,31,1730.1,2033.8,2016-02,53
55,Borna Coric,28.5,1790.3,56,1742.0,42,1751.1,58,1658.2,2011.6,2019-01,92
56,Marton Fucsovics,33.4,1783.9,60,1731.7,61,1721.7,35,1723.7,1924.2,2021-03,91
57,Kei Nishikori,35.3,1782.1,53,1746.5,101,1655.0,81,1625.2,2194.2,2016-08,67
58,Juncheng Shang,19.9,1781.5,58,1733.3,99,1658.1,55,1668.6,1895.7,2024-09,109
59,Jaume Munar,28.2,1781.5,70,1703.3,58,1725.6,80,1625.6,1819.0,2021-04,51
60,Laslo Djere,30.1,1775.9,78,1687.4,36,1772.5,94,1610.5,1854.6,2023-09,70
61,Yibing Wu,25.7,1773.6,51,1752.6,114,1631.7,116,1573.4,1882.9,2023-03,186
62,Arthur Cazaux,22.9,1772.3,75,1694.3,74,1692.5,65,1648.4,1806.5,2024-02,75
63,Hamad Medjedovic,21.9,1771.3,50,1752.6,60,1722.2,88,1618.4,1844.3,2025-04,73
64,Ethan Quinn,21.3,1768.1,69,1709.7,85,1680.5,76,1632.1,1804.0,2025-05,86
65,Reilly Opelka,27.8,1767.0,54,1744.0,77,1690.6,68,1643.6,1927.5,2022-04,74
66,Learner Tien,19.6,1766.7,49,1754.5,181,1535.7,79,1625.7,1888.2,2025-02,61
67,Lorenzo Sonego,30.1,1763.8,62,1724.9,81,1683.9,53,1672.8,1895.3,2021-05,38
68,Zizou Bergs,26.1,1762.7,55,1742.7,91,1672.1,66,1644.7,1859.2,2025-03,52
69,Lucas Pouille,30.9,1758.9,68,1711.4,84,1680.8,49,1683.7,1987.7,2017-06,177
70,Alexandre Muller,28.4,1758.7,80,1684.3,50,1735.2,125,1563.4,1801.7,2025-05,40
71,Giovanni Mpetshi Perricard,22.0,1757.8,64,1723.1,80,1684.4,56,1661.2,1862.8,2024-12,43
72,Miomir Kecmanovic,25.8,1757.0,67,1715.9,70,1699.6,73,1640.2,1900.6,2022-04,50
73,David Goffin,34.6,1756.2,65,1721.0,66,1708.9,44,1694.9,2048.7,2017-04,65
74,Alejandro Tabilo,27.9,1755.6,76,1692.2,62,1717.3,51,1676.2,1895.7,2024-07,104
75,Nicolas Jarry,29.7,1753.9,73,1695.6,69,1703.0,48,1688.0,1903.0,2023-10,100
76,Sebastian Ofner,29.1,1752.4,84,1673.6,63,1714.7,59,1654.8,1812.7,2024-01,141
77,Camilo Ugo Carabelli,26.0,1749.1,112,1626.7,48,1736.7,196,1491.2,1771.9,2025-05,47
78,Dino Prizmic,19.9,1748.4,100,1643.8,59,1724.3,118,1570.3,1764.5,2025-07,127
79,Juan Manuel Cerundolo,23.6,1746.9,165,1560.6,57,1727.9,198,1490.8,1774.8,2021-10,83
80,Yoshihito Nishioka,29.8,1746.0,57,1734.9,106,1646.9,119,1568.5,1884.7,2023-01,131
81,Jason Kubler,32.0,1742.6,72,1696.2,109,1642.3,41,1708.4,1790.0,2022-07,198
82,Jan Lennard Struff,35.2,1740.8,90,1660.0,68,1706.8,67,1643.7,1935.1,2024-07,138
83,Arthur Rinderknech,29.9,1738.3,88,1665.7,87,1679.0,63,1649.4,1869.2,2022-10,64
84,Botic Van De Zandschulp,29.7,1735.1,71,1702.9,78,1685.0,110,1588.5,1938.0,2022-09,87
85,Kamil Majchrzak,29.5,1728.1,77,1689.9,71,1699.3,62,1649.7,1810.1,2025-04,81
86,Roman Safiullin,27.8,1728.0,66,1719.9,92,1667.6,102,1599.2,1911.3,2024-01,82
87,Zhizhen Zhang,28.3,1727.2,95,1650.9,56,1728.4,91,1614.6,1830.9,2024-09,165
88,Daniel Altmaier,26.8,1727.2,99,1644.6,65,1709.8,132,1556.3,1789.1,2021-08,58
89,Pablo Carreno Busta,33.9,1726.6,61,1726.7,72,1699.0,129,1561.0,2005.1,2021-08,93
90,Dominik Koepfer,30.7,1719.9,85,1669.9,64,1712.3,92,1613.0,1822.7,2024-03,452
91,Quentin Halys,28.7,1718.2,79,1684.4,93,1665.8,72,1640.5,1811.4,2023-04,69
92,Jesper De Jong,25.1,1711.7,117,1622.3,67,1708.0,147,1536.8,1727.5,2025-07,79
93,Roberto Carballes Baena,32.3,1710.2,92,1657.9,79,1684.7,141,1544.9,1788.1,2024-07,89
94,Lukas Klein,27.3,1709.5,107,1635.3,88,1678.1,93,1611.4,1777.5,2024-03,119
95,Otto Virtanen,23.9,1708.3,114,1625.1,172,1550.2,46,1691.7,1768.8,2024-03,117
96,Vit Kopriva,28.0,1707.1,111,1628.0,89,1677.6,111,1587.1,1760.5,2025-05,80
97,Titouan Droguet,24.0,1705.9,149,1583.2,75,1692.1,105,1596.1,1722.4,2025-07,153
98,Mackenzie Mcdonald,30.2,1705.7,74,1694.9,173,1549.1,95,1609.3,1847.6,2023-03,96
99,Benjamin Bonzi,29.1,1703.7,81,1676.6,142,1589.6,84,1621.0,1835.8,2022-06,66
100,Damir Dzumhur,33.1,1703.1,106,1635.5,76,1691.4,122,1564.9,1895.8,2017-09,54
101,Francisco Comesana,24.7,1699.2,141,1594.8,83,1681.9,126,1562.5,1741.0,2025-05,71
102,Tomas Martin Etcheverry,26.0,1698.6,89,1660.5,86,1680.0,158,1528.7,1871.7,2023-05,60
103,Cristian Garin,29.1,1695.3,108,1633.0,90,1675.9,77,1631.5,1889.6,2019-04,115
104,Sebastian Baez,24.5,1693.0,154,1574.0,73,1694.5,173,1513.0,1941.4,2022-07,45
105,Lloyd Harris,28.3,1691.0,104,1638.1,152,1578.8,70,1642.4,1896.0,2021-10,376
106,Yannick Hanfmann,33.6,1689.5,126,1612.5,97,1661.8,104,1597.0,1843.4,2023-06,150
107,Borna Gojo,27.3,1689.4,87,1666.9,102,1653.6,224,1471.4,1800.2,2023-10,218
108,Stan Wawrinka,40.3,1686.6,86,1667.4,111,1638.2,108,1594.1,2145.5,2016-01,152
109,Elmer Moller,22.0,1685.5,192,1528.2,94,1664.5,117,1571.8,1741.1,2025-04,105
110,Valentin Royer,24.1,1682.6,159,1569.8,110,1641.5,89,1617.0,1715.0,2025-04,111
111,Liam Draxl,23.6,1677.6,91,1658.7,155,1574.5,185,1499.6,1699.6,2025-07,113
112,Carlos Taberner,27.9,1676.5,229,1487.2,95,1663.5,230,1466.5,1725.0,2021-10,84
113,Dusan Lajovic,35.0,1676.2,145,1590.4,96,1662.3,171,1515.6,1854.6,2018-10,145
114,Pedro Martinez,28.2,1675.5,134,1605.9,100,1656.6,186,1499.2,1844.3,2022-04,68
115,Tristan Schoolkate,24.3,1674.7,105,1637.1,321,1400.4,82,1623.2,1683.8,2025-07,103
116,Ignacio Buse,21.3,1672.3,288,1425.0,98,1659.4,177,1509.6,1708.8,2025-07,135
117,Aleksandar Vukic,29.2,1672.1,109,1629.9,161,1564.6,109,1593.9,1773.3,2025-01,99
118,Daniel Evans,35.1,1670.8,103,1641.4,164,1557.7,75,1633.2,1902.5,2021-04,129
119,Colton Smith,22.3,1670.0,96,1650.2,188,1526.9,98,1603.9,1837.6,2025-06,136
120,Francesco Passaro,24.5,1669.9,152,1578.9,103,1649.0,195,1491.3,1779.0,2022-08,118
121,Bu Yunchaokete,23.5,1668.6,93,1653.3,135,1601.0,216,1476.5,1834.9,2024-09,76
122,Emil Ruusuvuori,26.0,1667.3,102,1641.8,131,1604.4,96,1607.1,1893.2,2023-06,575
123,Mark Lajal,22.1,1667.3,116,1624.6,186,1528.9,83,1621.2,1668.0,2023-06,147
124,Aleksandar Kovacevic,26.8,1666.3,82,1675.6,199,1514.2,179,1509.1,1758.8,2024-04,62
125,Alexander Shevchenko,24.6,1666.0,133,1606.1,112,1637.4,219,1475.8,1792.0,2024-02,101
126,Nikoloz Basilashvili,33.4,1665.7,119,1621.2,126,1606.9,85,1620.5,1889.8,2019-01,112
127,Zachary Svajda,22.6,1664.7,162,1566.2,217,1493.9,52,1674.5,1769.0,2023-10,148
128,Raphael Collignon,23.5,1663.1,97,1648.7,121,1619.2,155,1529.1,1777.6,2025-04,90
129,Adam Walton,26.2,1663.0,101,1643.6,225,1483.7,183,1501.0,1747.1,2025-04,88
130,Richard Gasquet,38.9,1659.2,124,1617.4,123,1617.5,100,1600.5,2059.5,2016-05,182
131,Christopher Oconnell,31.1,1659.1,83,1673.9,132,1604.1,150,1533.6,1814.1,2025-03,78
132,Aslan Karatsev,31.6,1657.3,123,1618.5,107,1643.8,178,1509.4,1964.6,2021-05,247
133,Yosuke Watanuki,27.2,1656.8,122,1618.7,129,1605.3,106,1595.3,1798.2,2023-05,158
134,Pablo Llamas Ruiz,22.7,1656.4,191,1529.8,108,1643.1,165,1519.4,1733.1,2023-08,362
135,Andrea Vavassori,30.2,1656.0,121,1619.2,119,1624.7,162,1522.0,1734.8,2023-04,308
136,Hugo Dellien,32.0,1653.9,208,1513.2,118,1625.4,203,1487.7,1779.8,2022-05,98
137,Rinky Hijikata,24.4,1651.0,110,1629.3,226,1483.1,112,1585.8,1744.9,2025-01,85
138,Matteo Gigante,23.5,1650.7,147,1587.2,117,1627.4,204,1486.5,1709.5,2025-05,125
139,Mattia Bellucci,24.0,1650.4,125,1612.9,178,1538.3,101,1599.4,1814.3,2024-10,72
140,Chris Rodesch,23.9,1648.9,194,1528.0,136,1596.6,107,1594.2,1648.9,2025-06,159
141,Nicolas Moreno De Alboran,27.8,1648.5,115,1624.8,150,1581.2,159,1527.6,1687.7,2024-11,197
142,Brandon Holt,27.2,1646.8,113,1626.3,310,1408.7,127,1562.0,1725.5,2025-02,108
143,Emilio Nava,23.6,1646.5,174,1547.8,124,1615.3,137,1547.0,1713.5,2025-04,114
144,Zsombor Piros,25.7,1643.4,163,1564.9,113,1632.0,142,1543.7,1731.0,2023-04,162
145,Alexander Blockx,20.2,1642.8,118,1621.9,163,1557.8,121,1566.4,1743.2,2025-01,121
146,Shintaro Mochizuki,22.1,1641.7,169,1552.7,174,1547.3,64,1648.7,1663.4,2025-06,122
147,Nicolai Budkov Kjaer,18.8,1639.8,143,1592.2,122,1619.2,164,1519.7,1639.8,2025-07,187
148,Thiago Agustin Tirante,24.2,1638.8,150,1582.5,125,1612.9,180,1507.9,1672.2,2021-09,130
149,Luca Nardi,21.9,1637.6,130,1607.8,140,1591.0,246,1455.0,1724.6,2024-04,97
150,Adrian Mannarino,37.0,1635.9,140,1599.3,220,1488.2,71,1641.9,1896.3,2018-01,94
151,Terence Atmane,23.5,1632.9,120,1620.3,153,1578.5,181,1506.3,1707.1,2023-10,132
152,Michael Mmoh,27.3,1632.5,132,1607.1,189,1526.2,152,1533.1,1762.3,2017-02,323
153,Guy Den Ouden,23.2,1631.0,372,1359.0,115,1630.9,218,1475.9,1661.9,2025-07,173
154,Facundo Diaz Acosta,24.5,1629.4,186,1532.0,116,1630.9,253,1450.7,1791.9,2024-02,252
155,Hugo Gaston,24.8,1628.1,137,1604.4,134,1601.1,145,1538.2,1795.1,2021-11,126
156,Andrea Pellegrino,28.3,1627.2,291,1421.3,128,1605.9,274,1435.5,1644.1,2025-06,128
157,Jack Pinnington Jones,22.2,1623.6,242,1475.3,294,1421.8,86,1619.2,1623.6,2025-07,196
158,Giulio Zeppieri,23.6,1623.5,144,1591.6,157,1571.1,114,1579.7,1691.2,2022-07,276
159,Fabio Fognini,38.1,1622.9,160,1568.7,120,1620.0,134,1554.3,2003.8,2014-04,
160,Nishesh Basavareddy,20.2,1622.5,98,1645.6,262,1443.8,191,1494.6,1856.6,2025-01,110
161,Alex Molcan,27.6,1622.4,135,1605.7,138,1595.6,133,1555.8,1872.5,2022-07,378
162,James Duckworth,33.4,1621.0,146,1587.6,195,1517.6,131,1557.4,1785.9,2021-11,106
163,August Holmgren,27.2,1620.7,171,1549.2,249,1455.7,60,1650.6,1677.9,2021-09,144
164,Valentin Vacherot,26.6,1620.6,157,1572.3,127,1606.1,232,1464.3,1740.8,2024-03,253
165,Pierre Hugues Herbert,34.3,1617.6,131,1607.5,180,1537.1,130,1558.8,1867.9,2019-06,142
166,George Loffhagen,24.2,1616.7,136,1604.6,297,1418.3,199,1490.6,1616.7,2025-07,235
167,Leandro Riedi,23.4,1613.5,153,1576.6,185,1529.2,97,1604.6,1823.3,2023-01,487
168,Tomas Barrios Vera,27.6,1613.4,226,1490.4,143,1588.1,115,1574.9,1710.3,2023-07,143
169,Thiago Seyboth Wild,25.3,1611.7,142,1594.1,144,1583.2,169,1517.9,1793.4,2024-05,133
170,Jan Choinski,29.0,1611.4,215,1502.2,130,1604.8,297,1421.6,1632.0,2023-08,151
171,Luka Pavlovic,25.2,1611.1,348,1374.9,141,1589.9,151,1533.4,1635.0,2025-07,190
172,Jaime Faria,21.9,1610.0,195,1527.9,168,1554.3,120,1567.0,1692.5,2024-05,116
173,Roman Andres Burruchaga,23.4,1609.4,223,1494.2,149,1581.4,163,1520.4,1669.3,2024-05,139
174,Chun Hsin Tseng,23.9,1608.8,200,1520.0,133,1602.4,281,1432.6,1715.6,2022-04,107
175,Martin Landaluce,19.5,1607.7,151,1581.0,201,1512.2,99,1602.2,1741.8,2024-10,137
176,Marc Andrea Huesler,29.0,1607.1,129,1609.2,171,1550.3,168,1518.1,1817.0,2023-02,174
177,Dalibor Svrcina,22.7,1603.5,128,1610.2,167,1554.7,225,1470.7,1712.9,2025-04,120
178,Facundo Bagnis,35.3,1603.4,210,1510.0,137,1596.1,401,1369.6,1737.0,2021-07,689
179,Vilius Gaubas,20.5,1602.5,246,1472.7,151,1580.2,144,1540.0,1718.5,2025-05,149
180,Kyle Edmund,30.4,1602.2,155,1573.5,148,1581.8,128,1561.1,1952.7,2019-03,413
181,Billy Harris,30.4,1601.6,158,1571.9,256,1449.1,135,1553.2,1711.4,2024-06,146
182,Hyeon Chung,29.1,1601.0,148,1584.9,147,1582.0,242,1456.4,1991.8,2018-03,364
183,Eliot Spizzirri,23.5,1600.1,127,1611.8,218,1491.0,153,1532.1,1714.6,2025-04,124
184,Marco Trungelliti,35.4,1599.3,212,1508.7,139,1591.8,229,1467.5,1693.1,2018-07,180
185,Federico Coria,33.3,1598.6,238,1479.9,154,1577.9,340,1400.9,1754.4,2021-07,154
186,Jerome Kym,22.4,1597.7,168,1553.8,160,1567.5,217,1476.5,1738.0,2024-10,191
187,Harold Mayot,23.4,1596.8,166,1556.3,145,1582.5,174,1512.6,1701.9,2024-06,157
188,Rei Sakamoto,19.0,1595.0,161,1566.5,269,1438.8,188,1497.5,1656.2,2025-07,205
189,Daniel Merida Aguilar,20.8,1594.9,233,1483.1,179,1537.7,189,1497.4,1622.3,2025-07,171
190,Alex Bolt,32.5,1594.0,189,1530.6,362,1362.0,113,1582.4,1688.9,2019-03,226
191,Maximilian Marterer,30.0,1589.2,183,1532.9,146,1582.2,172,1515.3,1815.1,2018-06,348
192,Kyrian Jacquet,24.1,1588.2,138,1603.1,194,1517.8,170,1516.9,1735.1,2025-02,163
193,J J Wolf,26.1,1586.4,170,1551.2,176,1546.3,157,1528.8,1847.7,2023-02,459
194,Luca Van Assche,21.1,1586.0,156,1572.7,170,1551.1,187,1497.9,1801.5,2023-04,183
195,Daniel Elahi Galan,29.0,1584.9,190,1529.9,162,1563.3,166,1519.4,1757.5,2022-09,134
196,Arthur Fery,23.0,1584.3,167,1555.0,318,1402.1,254,1450.6,1663.0,2023-10,318
197,Gustavo Heide,22.9,1581.7,264,1454.0,156,1571.6,236,1460.3,1661.1,2024-07,299
198,Elias Ymer,29.2,1579.5,201,1519.5,169,1553.0,161,1523.6,1751.8,2015-06,232
199,Pavel Kotov,26.6,1576.6,172,1548.9,175,1547.1,193,1492.3,1797.1,2024-05,245
200,Felipe Meligeni Alves,27.3,1574.0,249,1470.2,159,1569.8,140,1545.5,1695.3,2023-10,160
201,Seong Chan Hong,27.2,1573.0,178,1543.3,260,1444.7,346,1397.6,1613.7,2024-04,396
202,Federico Cina,18.3,1572.1,180,1542.8,200,1513.4,205,1486.0,1644.2,2025-06,223
203,Francesco Maestrelli,22.5,1570.9,243,1473.8,166,1554.8,282,1431.0,1711.4,2022-07,178
204,Thiago Monteiro,31.1,1569.9,179,1543.0,165,1556.5,223,1471.8,1748.2,2024-05,170
205,Andres Martin,24.0,1569.4,175,1546.7,213,1501.0,148,1534.7,1603.6,2022-07,275
206,Christopher Eubanks,29.2,1566.2,176,1543.9,273,1436.1,139,1545.6,1864.8,2023-07,155
207,Dominic Stricker,22.9,1566.0,197,1526.3,192,1522.1,138,1546.5,1798.6,2021-06,202
208,Beibit Zhukayev,24.7,1565.0,199,1520.2,342,1385.7,123,1564.6,1640.2,2023-11,203
209,Benjamin Hassan,30.4,1564.2,204,1516.3,183,1531.7,215,1478.8,1680.2,2023-10,188
210,James Trotter,25.9,1564.1,177,1543.8,281,1431.3,237,1459.9,1658.1,2025-01,189
211,Albert Ramos,37.5,1564.0,184,1532.4,190,1525.2,288,1427.2,1889.0,2017-04,283
212,Patrick Kypson,25.7,1563.9,173,1548.1,202,1512.2,263,1444.2,1709.4,2024-02,213
213,Constant Lestienne,33.1,1563.6,181,1534.7,276,1433.6,240,1457.5,1781.3,2023-01,200
214,Mikhail Kukushkin,37.5,1561.5,198,1522.9,182,1533.7,146,1538.0,1864.2,2010-10,195
215,Ilia Simakin,21.5,1561.3,185,1532.4,334,1390.7,213,1480.7,1616.5,2025-05,238
216,Jurij Rodionov,26.1,1557.5,182,1533.4,212,1502.3,190,1495.3,1702.1,2023-06,184
217,Lukas Neumayer,22.8,1556.6,342,1378.7,177,1543.0,278,1433.9,1600.2,2025-06,172
218,Gregoire Barrere,31.3,1550.2,188,1530.9,208,1506.9,149,1534.4,1804.5,2020-02,363
219,Norbert Gombos,34.9,1548.5,203,1517.6,193,1520.5,243,1455.7,1753.2,2020-11,261
220,Stefano Travaglia,33.5,1547.7,216,1502.0,184,1529.8,269,1440.8,1793.8,2021-02,228
221,Alexis Galarneau,26.3,1546.1,193,1528.1,286,1425.8,194,1492.0,1631.5,2024-04,193
222,Juan Pablo Ficovich,28.4,1545.1,236,1481.1,198,1515.0,208,1483.8,1597.4,2020-10,140
223,Li Tu,29.1,1540.2,230,1487.1,263,1442.4,143,1542.6,1633.5,2022-10,164
224,Alex Barrena,22.7,1538.0,341,1379.0,191,1524.4,228,1469.0,1596.1,2025-07,236
225,Calvin Hemery,30.4,1537.4,225,1490.5,203,1511.7,300,1420.8,1651.1,2015-06,181
226,Alexander Ritschard,31.3,1535.5,260,1457.3,158,1571.1,220,1473.1,1695.9,2024-07,311
227,Hady Habib,26.9,1535.4,224,1493.3,205,1508.5,192,1492.9,1625.0,2025-05,169
228,Gauthier Onclin,24.3,1535.4,232,1483.8,207,1507.0,227,1469.3,1591.3,2023-07,210
229,Henrique Rocha,21.2,1534.3,221,1496.6,211,1502.8,221,1473.1,1637.6,2024-09,176
230,Ricardas Berankis,35.0,1530.3,227,1490.0,187,1527.9,176,1511.1,1842.4,2011-02,387
231,Alibek Kachmazov,22.9,1530.1,205,1514.9,302,1416.3,226,1469.4,1637.6,2025-04,179
232,Nerman Fatic,30.7,1528.1,273,1444.7,206,1508.1,211,1482.4,1584.4,2023-07,239
233,Kimmer Coppejans,31.4,1527.3,266,1450.5,214,1501.0,258,1447.2,1697.0,2015-04,194
234,Clement Chidekh,24.1,1526.9,211,1508.9,353,1375.0,233,1463.4,1695.5,2024-03,230
235,Sumit Nagal,27.9,1526.4,220,1498.4,196,1515.5,351,1395.7,1745.2,2019-09,307
236,Matej Dodig,20.0,1525.1,308,1406.1,210,1505.5,234,1462.6,1601.7,2024-09,255
237,Denis Kudla,32.2,1523.8,213,1506.0,240,1468.3,167,1518.8,1784.4,2015-07,742
238,Yu Hsiou Hsu,26.3,1523.6,214,1503.1,333,1391.8,410,1363.2,1648.0,2023-11,217
239,Sho Shimabukuro,27.9,1522.6,241,1475.4,250,1453.2,160,1524.4,1692.5,2023-09,208
240,Hynek Barton,21.2,1521.8,254,1462.5,231,1475.0,235,1460.9,1544.9,2025-07,297
241,Radu Albot,35.6,1520.5,218,1501.8,222,1485.3,156,1529.1,1823.4,2019-05,310
242,Gijs Brouwer,29.2,1520.3,248,1470.6,238,1469.1,209,1482.5,1656.6,2023-04,322
243,Taro Daniel,32.4,1516.1,209,1511.1,234,1474.1,244,1455.7,1766.8,2023-04,156
244,Juan Pablo Varillas,29.5,1515.8,316,1398.0,204,1508.7,368,1386.0,1730.0,2021-10,313
245,Murphy Cassone,22.9,1513.9,202,1518.6,363,1361.0,268,1441.0,1684.9,2025-02,175
246,Martin Klizan,35.8,1512.8,234,1481.7,209,1506.9,345,1397.9,1897.2,2015-01,534
247,Arthur Bouquier,24.5,1512.6,187,1531.9,390,1336.2,264,1443.8,1732.0,2025-03,216
248,Dimitar Kuzmanov,31.9,1511.3,207,1513.6,245,1462.6,255,1450.5,1640.1,2021-05,259
249,Bernard Tomic,32.7,1510.6,267,1449.9,268,1439.7,154,1529.9,1947.4,2015-03,211
250,Mitchell Krueger,31.5,1507.9,252,1464.5,227,1481.5,259,1447.1,1653.6,2022-04,166
251,Stefano Napolitano,30.2,1506.6,253,1464.3,223,1484.5,222,1472.2,1662.1,2024-05,752
252,Stefanos Sakellaridis,20.8,1505.9,321,1390.8,197,1515.3,182,1503.0,1573.6,2023-01,320
253,Coleman Wong,21.1,1505.5,206,1514.9,335,1390.3,256,1449.2,1666.1,2024-09,168
254,Dennis Novak,31.5,1503.6,231,1485.6,229,1479.7,136,1548.0,1758.9,2019-11,406
255,Yasutaka Uchiyama,32.9,1503.3,244,1473.1,360,1367.8,273,1437.6,1727.5,2019-10,224
256,Marco Cecchinato,32.8,1502.9,300,1411.4,224,1483.9,336,1401.8,1838.6,2018-07,287
257,Sascha Gueymard Wayenburg,21.9,1502.8,263,1454.3,253,1451.4,313,1415.9,1563.9,2025-01,206
258,Jacopo Berrettini,26.5,1502.1,306,1406.5,232,1474.6,251,1451.1,1592.3,2024-05,319
259,Rafael Jodar,18.8,1501.7,276,1441.3,246,1461.5,252,1450.8,1537.3,2025-07,478
260,Ugo Blanchet,26.5,1501.4,219,1499.5,230,1475.3,287,1428.3,1659.4,2023-10,231
261,Oliver Crawford,26.2,1500.6,277,1440.3,311,1408.7,202,1488.4,1580.7,2023-10,229
262,Vitaliy Sachko,28.0,1498.3,284,1429.2,235,1473.5,350,1395.9,1643.5,2023-07,212
263,Javier Barranco Cosano,26.6,1498.0,265,1453.4,251,1452.2,250,1453.0,1581.0,2024-07,453
264,Hugo Grenier,29.3,1497.9,237,1480.0,320,1400.5,280,1433.0,1734.0,2022-09,192
265,Tristan Boyer,24.2,1497.8,196,1526.5,247,1461.4,298,1421.3,1753.1,2025-01,123
266,Jozef Kovalik,32.6,1494.8,281,1432.1,219,1490.8,371,1385.3,1721.8,2018-07,576
267,Pedro Cachin,30.1,1494.6,318,1396.9,215,1497.1,372,1383.9,1767.7,2023-07,663
268,Manuel Guinard,29.3,1493.8,250,1469.3,258,1446.2,355,1392.7,1664.3,2022-03,435
269,Duje Ajdukovic,24.4,1493.4,222,1495.3,221,1486.8,415,1360.6,1687.6,2024-09,262
270,Marko Topo,21.7,1492.3,283,1430.2,233,1474.4,245,1455.4,1663.9,2022-04,272
271,Mika Brunold,20.7,1490.1,299,1412.4,248,1457.4,262,1445.0,1510.9,2025-07,293
272,Marc Polmans,27.7,1490.0,256,1461.1,274,1434.9,214,1480.7,1618.1,2019-10,429
273,Maxime Cressy,27.9,1489.2,235,1481.3,352,1376.1,207,1485.0,1836.1,2022-08,681
274,Timofey Skatov,24.4,1488.9,251,1466.2,242,1466.2,241,1456.5,1672.0,2024-07,305
275,Geoffrey Blancaneaux,26.9,1488.4,269,1449.2,243,1465.0,395,1372.2,1591.5,2023-05,256
276,Enzo Couacaud,30.2,1484.3,262,1455.0,236,1471.8,212,1481.2,1647.1,2020-02,489
277,Andrea Collarini,33.4,1484.2,387,1338.8,239,1468.5,412,1362.5,1572.5,2019-09,240
278,James Mccabe,22.0,1483.9,278,1438.7,421,1305.4,197,1491.0,1584.1,2025-03,167
279,Bernabe Zapata Miralles,28.3,1483.1,292,1421.3,237,1469.4,239,1458.5,1779.9,2023-05,397
280,Andrew Paulson,22.8,1482.3,356,1370.8,255,1449.8,267,1441.2,1560.3,2024-08,566
281,Rio Noguchi,26.5,1482.1,270,1448.1,435,1288.6,349,1396.0,1516.0,2022-10,209
282,Michael Zheng,21.4,1481.2,247,1470.9,372,1350.6,299,1421.2,1556.7,2025-05,444
283,Jakub Paul,26.3,1479.5,302,1410.7,319,1401.6,271,1439.7,1491.8,2025-07,292
284,Maks Kasnikowski,21.9,1478.4,290,1421.6,216,1495.5,201,1489.2,1652.1,2024-06,528
285,Daniel Rincon,22.5,1478.1,240,1476.3,266,1441.0,436,1349.4,1613.8,2023-09,288
286,Max Hans Rehberg,21.6,1476.0,258,1457.7,330,1393.7,399,1370.9,1575.0,2025-02,306
287,Gabriel Debru,19.1,1475.4,384,1342.3,228,1480.6,272,1437.7,1596.1,2023-08,357
288,Gastao Elias,34.6,1474.5,271,1447.6,259,1444.9,369,1385.6,1737.5,2016-08,316
289,Edas Butvilas,20.9,1473.0,217,1501.9,344,1384.1,303,1420.4,1672.0,2024-09,227
290,Alejandro Moro Canas,24.5,1472.7,245,1472.9,272,1437.6,238,1459.7,1673.5,2024-07,257
291,Clement Tabur,25.4,1471.8,349,1374.7,265,1441.5,329,1405.4,1565.2,2025-06,233
292,Yuta Shimizu,26.1,1471.3,275,1444.2,404,1321.7,266,1442.3,1590.8,2024-05,207
293,Hazem Naw,24.7,1470.7,255,1461.9,329,1393.7,206,1485.3,1633.7,2024-02,604
294,Aryan Shah,19.6,1468.9,259,1457.7,378,1344.4,275,1434.4,1524.6,2025-07,390
295,Joao Lucas Reis Da Silva,25.3,1468.6,327,1388.0,257,1448.0,276,1434.3,1526.9,2025-06,237
296,Sandro Kopp,25.1,1468.6,373,1358.2,264,1441.6,277,1434.3,1492.6,2025-04,404
297,Ryan Peniston,29.6,1468.3,282,1430.7,356,1370.1,249,1453.6,1723.2,2022-06,241
298,Jiri Vesely,31.6,1467.8,257,1457.8,271,1437.6,175,1511.6,1891.6,2014-06,615
299,Kenta Miyoshi,21.2,1467.6,272,1446.9,379,1343.8,279,1433.8,1495.1,2025-07,537
300,Maxim Mrva,17.9,1465.0,228,1489.8,270,1438.0,210,1482.5,1619.4,2025-03,447
301,Dmitry Popko,28.7,1464.9,239,1477.3,322,1399.7,411,1362.7,1631.7,2020-01,221
302,Federico Agustin Gomez,28.6,1464.8,334,1382.4,252,1451.5,270,1440.4,1668.6,2024-09,201
303,Laurent Lokoli,29.9,1463.4,304,1409.7,241,1467.2,231,1465.0,1608.2,2023-07,391
304,Gianluca Mager,30.4,1462.0,307,1406.3,254,1450.4,293,1424.5,1733.2,2022-01,584
305,Stefan Kozlov,27.4,1461.7,297,1413.9,261,1444.0,283,1430.7,1724.4,2022-02,431
306,Stuart Parker,27.8,1459.7,268,1449.6,386,1339.8,456,1337.5,1524.1,2025-03,445
307,Ivan Gakhov,28.7,1459.0,395,1331.1,275,1434.6,339,1401.0,1659.6,2023-05,248
308,Andrej Martin,35.8,1457.2,361,1366.4,283,1428.7,450,1340.9,1674.7,2014-08,336
309,Arthur Gea,20.5,1457.1,322,1389.9,282,1430.0,286,1428.5,1506.3,2025-06,278
310,Oriol Roca Batalla,32.1,1456.9,331,1383.4,278,1433.1,364,1389.6,1554.6,2024-06,345
311,Egor Gerasimov,32.5,1456.7,279,1434.8,300,1416.7,404,1368.6,1802.1,2020-03,591
312,Antoine Ghibaudo,20.4,1455.7,344,1376.9,395,1331.7,200,1490.1,1475.6,2025-07,470
313,Matheus Pucinelli De Almeida,24.3,1452.3,410,1317.8,267,1440.4,289,1427.0,1650.0,2022-03,279
314,Luka Mikrut,21.2,1452.2,367,1362.5,288,1425.4,290,1426.1,1544.9,2024-06,340
315,Justin Engel,17.8,1451.9,382,1346.7,358,1369.6,247,1455.0,1482.2,2025-07,225
316,Cezar Cretu,24.1,1450.3,303,1410.6,316,1404.4,291,1425.1,1526.0,2024-09,434
317,Yi Zhou,20.3,1449.9,285,1429.1,411,1316.8,292,1425.0,1466.0,2025-07,327
318,Fajing Sun,28.7,1445.4,287,1425.6,458,1254.3,337,1401.6,1487.1,2025-07,214
319,Johannus Monday,23.4,1445.4,295,1420.2,393,1332.7,393,1372.9,1551.9,2025-02,234
320,Christoph Negritu,31.3,1445.2,286,1427.4,315,1405.8,295,1422.6,1540.2,2024-11,267
321,Rodrigo Pacheco Mendez,20.2,1443.9,368,1360.4,277,1433.4,296,1421.9,1511.2,2025-06,220
322,Karue Sell,31.6,1441.5,301,1411.4,307,1409.4,301,1420.8,1529.3,2024-10,280
323,Philip Sekulic,21.8,1441.0,294,1420.4,425,1299.3,376,1382.3,1533.1,2024-07,605
324,Nicolas Mejia,25.4,1441.0,358,1369.3,244,1462.8,302,1420.5,1536.3,2021-07,242
325,Enrico Dalla Valle,27.1,1440.6,379,1349.2,290,1424.9,304,1420.3,1543.6,2024-07,425
326,Gonzalo Bueno,21.2,1439.0,455,1256.0,296,1420.2,305,1419.5,1518.7,2024-04,294
327,Aziz Dougaz,28.3,1438.8,298,1412.7,287,1425.7,361,1390.3,1555.3,2020-02,215
328,Santiago Fa Rodriguez Taverna,26.0,1437.8,365,1363.5,279,1431.7,327,1405.7,1672.6,2022-01,185
329,Joel Schwaerzler,19.4,1437.2,399,1330.0,312,1408.5,307,1418.6,1621.9,2024-05,354
330,Mili Poljicak,21.0,1436.7,436,1279.4,291,1422.5,375,1382.5,1508.5,2025-05,277
331,Jakub Nicod,20.1,1434.2,409,1318.2,285,1426.2,309,1417.1,1506.7,2024-09,441
332,Genaro Alberto Olivieri,26.8,1433.8,398,1330.0,293,1421.9,447,1341.9,1585.6,2023-07,300
333,Zdenek Kolar,28.6,1433.2,309,1403.5,304,1415.6,316,1413.2,1621.1,2021-09,381
334,Inaki Montes De La Torre,22.7,1432.4,335,1382.1,313,1408.2,312,1416.2,1529.0,2025-02,359
335,Adrian Andreev,23.8,1432.0,328,1387.6,284,1427.5,427,1356.0,1642.9,2023-01,382
336,Filip Cristian Jianu,23.8,1431.6,405,1327.6,292,1422.3,325,1407.1,1578.5,2019-09,260
337,Nick Hardt,24.5,1430.7,310,1403.0,308,1409.2,310,1417.1,1619.6,2024-05,722
338,Franco Agamenone,32.0,1430.7,390,1335.0,299,1417.1,441,1344.3,1707.6,2021-10,414
339,Matteo Martineau,26.5,1430.6,280,1434.0,369,1356.1,347,1397.5,1624.5,2024-02,269
340,Marat Sharipov,22.7,1430.4,274,1444.3,403,1321.9,314,1415.2,1613.9,2025-02,254
341,Juan Carlos Prado Angelo,20.3,1429.9,407,1323.1,303,1416.3,315,1415.0,1464.8,2024-11,258
342,Alvaro Guillen Meza,22.5,1429.6,456,1255.4,301,1416.5,353,1394.8,1545.7,2023-11,243
343,David Jorda Sanchis,31.0,1428.2,380,1347.0,323,1399.3,390,1375.2,1531.3,2023-07,511
344,Tung Lin Wu,27.1,1426.8,320,1391.9,280,1431.5,394,1372.8,1605.0,2023-04,271
345,Paul Jubb,25.7,1426.6,311,1401.3,387,1338.5,261,1445.6,1632.1,2022-03,408
346,Lautaro Midon,21.2,1426.0,412,1315.5,295,1421.1,317,1413.0,1498.4,2025-06,274
347,Mees Rottgering,18.0,1425.7,314,1399.6,298,1417.6,260,1446.3,1486.4,2025-02,647
348,Robert Strombachs,25.7,1425.5,293,1421.3,364,1360.5,318,1412.7,1479.9,2025-05,333
349,Goncalo Oliveira,29.8,1424.7,345,1376.7,331,1393.5,392,1373.8,1441.2,2024-11,291
350,Andres Andrade,26.5,1423.4,353,1374.1,289,1425.1,320,1411.7,1584.8,2024-08,251
351,Henry Searle,19.2,1423.1,324,1389.6,397,1329.6,366,1387.9,1474.6,2025-06,415
352,Samuel Vincent Ruggeri,22.6,1421.8,362,1365.0,341,1386.6,321,1410.9,1525.8,2024-06,609
353,Eliakim Coulibaly,23.2,1420.7,317,1397.1,366,1359.2,322,1410.3,1537.1,2025-05,286
354,Alex Rybakov,28.4,1418.5,336,1381.8,355,1370.2,284,1430.4,1516.5,2022-07,314
355,Patrick Zahraj,26.0,1418.1,261,1456.2,399,1327.4,306,1419.5,1596.7,2025-03,270
356,Nicolas Kicker,32.9,1417.9,354,1373.8,305,1412.5,419,1358.4,1706.2,2018-05,332
357,Daniel Masur,30.4,1417.3,333,1382.7,325,1398.9,332,1404.2,1621.9,2021-03,539
358,Federico Arnaboldi,25.0,1415.3,396,1330.7,332,1391.9,386,1377.1,1623.0,2024-08,339
359,Jay Clarke,26.9,1414.8,363,1364.5,309,1408.8,462,1329.1,1617.4,2018-07,199
360,Jacopo Vasami,,1414.5,411,1317.2,326,1398.1,324,1407.2,1452.9,2025-06,679
361,Frederico Ferreira Silva,30.3,1414.1,338,1380.3,343,1385.7,285,1429.3,1642.4,2021-05,263
362,Denis Yevseyev,32.1,1413.8,340,1379.1,338,1387.6,311,1416.8,1565.7,2024-01,325
363,Khumoun Sultanov,26.7,1413.6,305,1408.5,429,1295.0,308,1417.5,1553.9,2025-02,
364,Omar Jasika,28.1,1412.1,312,1399.8,423,1303.0,476,1300.6,1669.1,2017-02,204
365,Jie Cui,27.4,1411.4,323,1389.7,449,1263.6,328,1405.7,1491.5,2025-05,290
366,Max Houkes,25.0,1410.4,423,1296.0,328,1394.3,397,1371.3,1481.3,2025-03,282
367,Mathys Erhard,23.7,1409.5,414,1311.8,350,1378.7,331,1404.7,1431.1,2025-05,249
368,Adolfo Daniel Vallejo,21.2,1408.8,381,1346.7,337,1388.0,248,1454.4,1524.2,2020-03,244
369,Alexey Vatutin,32.6,1408.2,325,1389.5,371,1351.9,405,1368.1,1637.3,2018-04,334
370,Antoine Escoffier,33.3,1405.2,329,1386.5,465,1243.2,439,1345.5,1628.4,2023-03,303
371,Andre Ilagan,24.6,1405.1,351,1374.5,417,1312.6,334,1402.6,1472.7,2025-02,356
372,Yan Bai,36.1,1404.1,346,1376.3,367,1358.6,428,1355.8,1494.4,2015-11,268
373,Pol Martin Tiffon,25.9,1403.5,355,1372.2,351,1378.3,402,1369.0,1512.6,2025-03,219
374,Facundo Mena,32.8,1403.2,391,1335.0,346,1381.4,408,1366.3,1616.9,2019-09,273
375,Adria Soriano Barrera,26.1,1402.7,315,1399.5,398,1329.2,338,1401.3,1429.0,2025-07,289
376,Hernan Casanova,31.3,1402.6,447,1267.6,340,1386.7,400,1370.5,1474.0,2022-09,495
377,Murkel Alejandro Dellien Velasco,27.8,1402.2,364,1364.2,347,1381.1,380,1380.0,1602.5,2022-01,284
378,Remy Bertola,26.8,1401.9,369,1359.7,382,1342.1,341,1400.9,1461.8,2022-10,347
379,Nicolas Alvarez Varona,24.1,1400.1,289,1422.9,408,1319.1,342,1400.1,1526.2,2022-11,264
380,Aidan Mayo,22.1,1398.5,319,1393.3,434,1288.9,330,1405.4,1541.1,2024-11,285
381,Maximus Jones,20.7,1398.2,296,1414.2,401,1325.6,343,1399.1,1524.4,2025-04,394
382,Gabi Adrian Boitan,25.9,1397.5,393,1332.2,324,1398.9,257,1448.7,1488.6,2022-03,398
383,Antoine Cornut Chauvinc,24.8,1396.2,343,1377.6,409,1319.1,344,1398.1,1453.0,2025-01,542
384,Raul Brancaccio,28.2,1395.8,359,1367.6,348,1379.6,406,1367.5,1644.9,2023-01,353
385,Henri Squire,24.7,1394.4,352,1374.3,349,1379.4,471,1310.6,1670.0,2024-06,368
386,Mats Rosenkranz,26.8,1390.7,339,1380.3,445,1267.6,407,1367.0,1477.6,2024-11,360
387,Michael Geerts,30.5,1390.5,332,1382.9,375,1348.7,452,1338.9,1540.6,2023-03,304
388,Viktor Durasovic,28.3,1389.8,313,1399.7,394,1332.4,454,1338.6,1494.2,2025-02,222
389,Alfredo Perez,28.1,1389.8,426,1292.0,336,1388.1,352,1394.9,1425.5,2025-04,372
390,Moez Echargui,32.4,1389.5,378,1349.9,359,1369.0,354,1394.7,1478.4,2023-08,312
391,Benoit Paire,36.1,1386.9,366,1362.6,327,1397.9,294,1424.5,1909.0,2013-05,630
392,Philip Henning,24.5,1385.7,360,1367.2,373,1350.4,265,1442.9,1559.8,2021-09,331
393,Ernesto Escobedo,28.5,1385.6,357,1370.5,381,1342.2,461,1330.4,1762.7,2017-04,712
394,Gerard Campana Lee,20.6,1384.9,386,1340.5,385,1340.2,356,1392.5,1510.2,2023-07,437
395,Tyler Zink,24.4,1384.5,337,1380.7,441,1280.6,326,1407.1,1395.3,2025-07,301
396,Martin Damm,21.6,1384.5,347,1375.3,451,1259.5,184,1500.4,1767.9,1999-11,440
397,Orlando Luz,27.0,1384.2,469,1213.8,345,1382.9,357,1392.1,1519.9,2021-08,643
398,Lorenzo Giustino,33.8,1382.5,392,1334.0,361,1363.1,478,1297.1,1643.8,2019-06,298
399,Michael Vrbensky,25.5,1382.1,403,1328.3,365,1359.9,358,1391.1,1576.5,2021-07,497
400,Govind Nanda,24.4,1381.0,371,1359.1,422,1305.1,359,1390.5,1501.0,2022-09,344
401,Tom Paris,22.8,1380.9,377,1353.4,380,1343.8,360,1390.4,1404.4,2025-03,341
402,Giovanni Fonio,27.1,1379.8,330,1385.6,391,1334.8,362,1389.9,1566.9,2023-02,383
403,Petr Bar Biryukov,23.2,1378.7,370,1359.3,424,1299.3,365,1389.3,1399.9,2025-05,349
404,Giles Hussey,28.0,1376.6,374,1358.2,427,1298.3,434,1350.4,1422.5,2025-04,446
405,Rudolf Molleker,24.6,1376.6,394,1331.7,354,1370.7,421,1357.6,1712.9,2019-06,393
406,Maximilian Neuchrist,33.9,1373.2,400,1329.7,374,1349.2,425,1356.1,1549.9,2023-04,388
407,Ramkumar Ramanathan,30.2,1371.4,385,1341.5,357,1369.9,348,1397.0,1622.0,2018-04,635
408,Tiago Pereira,21.0,1371.1,383,1343.6,400,1326.1,370,1385.5,1402.8,2025-07,295
409,Abedallah Shelbayh,21.6,1368.6,350,1374.6,406,1319.8,335,1401.9,1648.2,2024-02,386
410,Pedro Boscardin Dias,22.4,1365.9,467,1220.9,368,1357.8,373,1383.0,1424.7,2022-05,355
411,Blake Ellis,26.1,1365.6,389,1338.1,431,1292.8,374,1382.8,1490.7,2018-02,335
412,Jelle Sels,29.9,1365.3,326,1389.4,402,1322.3,480,1278.9,1640.8,2022-11,329
413,Kilian Feldbausch,19.8,1363.1,449,1266.1,377,1344.7,377,1381.5,1499.1,2024-01,384
414,Kaylan Bigun,19.1,1362.8,388,1338.6,440,1281.3,378,1381.4,1371.6,2025-06,805
415,Micah Braswell,23.2,1361.1,406,1327.2,433,1290.6,379,1380.6,1418.6,2025-01,488
416,Hiroki Moriya,34.7,1359.5,402,1328.5,454,1258.2,423,1357.0,1584.0,2012-12,365
417,Milos Karol,22.5,1359.5,429,1290.0,383,1341.4,381,1379.7,1385.5,2025-06,366
418,Patrick Maloney,25.4,1359.1,420,1298.0,384,1341.2,363,1389.9,1467.3,2025-07,321
419,Nikolas Sanchez Izquierdo,26.3,1358.3,466,1230.1,370,1353.2,382,1379.2,1517.8,2022-06,302
420,Alexey Zakharov,24.7,1357.5,428,1291.5,314,1408.1,383,1378.7,1479.8,2024-07,614
421,Oleg Prihodko,27.7,1356.7,413,1312.8,416,1312.8,384,1378.3,1514.0,2021-12,315
422,Sasi Kumar Mukund,28.3,1355.6,397,1330.4,446,1266.0,449,1341.2,1498.8,2019-02,461
423,Diego Dedura Palomero,17.3,1355.0,453,1260.6,389,1336.9,385,1377.5,1360.9,2025-07,352
424,Juan Bautista Torres,23.2,1354.0,437,1279.0,376,1346.2,387,1377.0,1586.6,2022-07,317
425,Garrett Johns,24.5,1351.9,401,1329.5,428,1297.5,388,1375.9,1408.0,2025-03,343
426,Jules Marie,33.3,1351.4,415,1310.3,419,1306.9,451,1339.5,1467.6,2024-02,807
427,Franco Roncadelli,25.3,1350.8,452,1261.4,388,1338.2,389,1375.4,1399.7,2025-06,392
428,Saba Purtseladze,23.9,1348.9,375,1355.3,467,1230.3,431,1352.5,1466.8,2025-05,265
429,Toby Alex Kodat,22.4,1347.9,421,1297.2,418,1310.1,391,1374.0,1535.4,2024-05,373
430,Ergi Kirkin,26.3,1346.7,404,1328.3,396,1330.5,416,1360.4,1516.7,2022-05,485
431,Florent Bax,26.0,1344.1,408,1320.1,415,1313.4,396,1372.0,1449.1,2025-04,405
432,Matias Soto,26.2,1342.1,417,1303.8,405,1319.9,398,1371.0,1461.2,2025-03,250
433,Max Wiskandt,23.4,1340.9,438,1276.1,413,1315.5,443,1343.2,1454.0,2025-04,436
434,Corentin Denolly,28.0,1340.8,424,1295.0,437,1286.9,422,1357.1,1455.6,2025-03,309
435,Carlos Sanchez Jover,24.8,1337.9,459,1252.9,412,1315.5,403,1369.0,1440.5,2023-09,281
436,Pedro Sakamoto,31.9,1330.6,434,1282.3,407,1319.4,409,1365.3,1495.6,2019-05,410
437,Daniel Michalski,25.5,1324.8,376,1354.7,426,1298.5,319,1412.4,1590.8,2020-02,296
438,Lucas Poullain,29.5,1323.8,416,1308.1,453,1259.1,413,1361.9,1590.8,2023-10,385
439,Gonzalo Villanueva,30.4,1323.7,468,1215.9,414,1314.8,414,1361.9,1454.7,2022-05,374
440,Daniil Glinka,25.1,1319.3,418,1302.2,306,1409.6,323,1409.6,1561.0,2020-03,371
441,Dane Sweeny,23.9,1317.8,425,1293.7,468,1224.1,474,1302.7,1568.3,2024-02,466
442,Renzo Olivo,33.2,1317.5,422,1296.5,432,1292.7,460,1330.5,1643.4,2015-02,324
443,Federico Bondioli,20.1,1316.1,445,1268.1,430,1294.1,420,1358.1,1422.6,2025-06,409
444,Charles Broom,27.1,1315.4,443,1269.6,444,1267.7,417,1360.1,1536.4,2024-06,426
445,Robin Bertrand,22.3,1313.5,432,1285.2,452,1259.5,424,1356.7,1540.9,2024-07,326
446,Yusuke Takahashi,27.5,1312.1,430,1288.8,438,1284.7,426,1356.1,1451.5,2018-01,417
447,Lukas Pokorny,23.2,1310.5,419,1300.8,450,1262.6,429,1355.3,1435.5,2025-05,399
448,Aleksandre Bakshi,27.8,1307.3,433,1283.0,317,1403.6,333,1403.6,1613.0,2024-07,620
449,Daniel Dutra Da Silva,37.0,1305.5,462,1247.3,443,1275.9,453,1338.9,1519.5,2009-02,342
450,Maxime Janvier,28.6,1303.8,446,1268.0,439,1284.1,435,1350.2,1601.5,2019-09,564
451,Marek Gengel,29.8,1302.6,427,1291.8,472,1206.0,470,1310.9,1505.8,2023-01,246
452,Oleksandr Ovcharenko,23.4,1301.1,439,1274.7,447,1264.3,433,1350.5,1385.7,2025-02,380
453,Ryan Seggerman,25.7,1301.1,457,1254.6,392,1333.9,432,1350.6,1512.4,2024-08,597
454,Masamichi Imamura,26.6,1296.3,441,1273.5,455,1258.2,437,1348.2,1394.5,2024-11,367
455,Neil Oberleitner,25.9,1295.0,464,1237.8,436,1287.7,438,1347.5,1378.0,2024-07,422
456,Kaichi Uchida,30.7,1292.5,448,1266.7,442,1279.7,418,1358.9,1571.8,2023-02,610
457,Moerani Bouzige,26.0,1288.5,444,1269.1,459,1254.2,442,1344.2,1416.7,2024-12,330
458,Strong Kirchheimer,30.2,1286.4,454,1260.6,475,1193.1,444,1343.2,1390.2,2023-09,658
459,Juan Alejandro Hernandez Serrano,26.0,1284.6,442,1272.2,470,1216.2,445,1342.3,1300.9,2025-06,449
460,Christian Langmo,29.0,1284.5,451,1262.9,482,1160.8,446,1342.2,1411.8,2023-04,351
461,Keegan Smith,26.6,1283.2,461,1250.6,477,1184.7,448,1341.6,1403.9,2021-12,486
462,Roberto Cid,31.6,1282.1,431,1285.3,461,1250.6,440,1345.4,1621.4,2018-06,328
463,Conner Huertas Del Pino,29.5,1275.6,435,1280.3,463,1244.5,455,1337.8,1354.2,2025-04,544
464,Kris Van Wyk,28.7,1273.8,450,1264.1,339,1386.9,367,1386.9,1448.8,2024-10,428
465,Rigele Te,27.5,1269.6,465,1231.4,420,1306.0,457,1334.8,1331.9,2024-05,551
466,Maxime Chazal,32.0,1265.2,478,1178.1,457,1256.1,458,1332.6,1382.8,2015-09,514
467,Pedro Araujo,23.1,1263.7,458,1253.1,473,1202.2,459,1331.8,1307.5,2025-01,455
468,Valerio Aboian,22.8,1257.6,475,1188.7,456,1257.1,463,1328.8,1355.1,2024-04,467
469,Naoki Nakagawa,28.6,1254.4,463,1243.6,484,1131.4,464,1327.2,1327.7,2024-09,350
470,Mateus Alves,24.4,1252.3,481,1155.9,448,1264.1,465,1326.1,1422.1,2024-11,375
471,Guido Ivan Justo,27.5,1251.7,470,1211.5,464,1243.4,466,1325.9,1319.7,2025-04,369
472,Petr Nesterov,22.0,1250.6,440,1274.2,469,1223.1,467,1325.3,1421.9,2024-08,451
473,Luciano Emanuel Ambrogi,21.5,1243.6,479,1172.9,462,1248.4,468,1321.8,1410.3,2024-09,346
474,Mariano Kestelboim,29.4,1240.3,473,1191.6,466,1234.4,469,1320.2,1312.1,2025-06,395
475,Alex Marti Pujolras,26.3,1220.7,460,1251.9,476,1192.7,472,1310.3,1359.7,2023-04,337
476,Vadym Ursu,28.3,1213.5,476,1187.5,481,1162.9,479,1285.7,1255.5,2024-10,418
477,Karan Singh,21.8,1210.8,480,1162.8,460,1252.3,473,1305.4,1339.8,2025-02,401
478,Kasidit Samrej,24.3,1209.7,472,1193.7,410,1319.0,430,1354.8,1424.3,2019-04,421
479,Bruno Kuzuhara,21.2,1201.4,477,1180.4,478,1182.7,475,1300.7,1335.1,2024-07,646
480,Taha Baadi,23.9,1200.1,474,1190.7,471,1206.5,484,1264.3,1225.1,2025-04,733
481,Andrea Picchione,27.0,1194.4,471,1201.5,479,1178.3,477,1297.2,1366.1,2024-04,462
482,Juan Carlos Aguilar,26.6,1154.2,484,1114.8,474,1195.9,481,1277.1,1243.9,2025-01,412
483,Kiranpal Pannu,28.3,1151.5,482,1147.4,485,1127.2,482,1275.7,1371.7,2024-02,777
484,Matthew Dellavedova,25.0,1146.4,483,1135.6,483,1136.4,483,1273.2,1201.5,2024-01,423
