match_date,player1_name,player1_odds,player2_name,player2_odds,status_1,status_2,player1_score,player2_score,match_status
2025-08-02,Alex Michelsen,"['-110', '-115', '-110', '-110', '-106', '-106', '-108']",Learner Tien,"['-110', '-115', '-110', '-118', '-121', '-121', '-114']",FINAL,,2,0,FINISHED
2025-08-02,Karen Khachanov,"['-110', '-140', '-138', '-135', '-139', '-139', '-138']",Casper Ruud,"['-110', '+110', '+110', '+105', '+110', '+110', '+112']",LIVE,2nd Set,1,0,LIVE
2025-08-02,Alexei Popyrin,"['+175', '+175', '+175', '+160', '+175', '+175', '+184']",Holger Rune,"['-225', '-240', '-225', '-210', '-235', '-235', '-230']",SAT 08/02,7:00 PM,-,-,SCHEDULED
2025-08-02,Alexander Zverev,"['-425', '-380', '-350', '-325', '-335', '-335', '-340']",Francisco Cerundolo,"['+300', '+260', '+275', '+240', '+240', '+240', '+260']",SAT 08/02,8:10 PM,-,-,SCHEDULED
2025-08-02,Christopher O'connell,"['+700', '+650', '+800', '+625', '+650', '+650', '+830']",Alex de Minaur,"['-1400', '-1400', '-1400', '-1200', '-1115', '-1115', '-1450']",RETIRED,,0,0,SCHEDULED
2025-08-03,Andrey Rublev,"['+100', '+110', '+110', '+110', '+105', '+105', '+126']",Alejandro Davidovich Fokina,"['-130', '-140', '-138', '-140', '-132', '-132', '-152']",SUN 08/03,12:30 PM,-,-,SCHEDULED
2025-08-03,Frances Tiafoe,"['+210', '+240', '+250', '+225', '+230', '+230', '+250']",Alex de Minaur,"['-285', '-340', '-333', '-300', '-315', '-315', '-320']",SUN 08/03,12:30 PM,-,-,SCHEDULED
2025-08-03,Jiri Lehecka,"['+180', '+175', '+220', '+180', '+175', '+175', '+205']",Taylor Fritz,"['-235', '-240', '-275', '-235', '-235', '-235', '-260']",SUN 08/03,12:30 PM,-,-,SCHEDULED
2025-08-03,Flavio Cobolli,"['+190', '+210', '+220', '+210', '+195', '+195', '+215']",Ben Shelton,"['-250', '-300', '-275', '-275', '-265', '-265', '-280']",SUN 08/03,12:30 PM,-,-,SCHEDULED
