tournament,surface,time,player1,player2,date,status
Toronto (Canada),hard,,Khachanov K.,Ruud C.,2025-08-02,LIVE
Toronto (Canada),hard,,O'Connell C.,De Minaur A.,2025-08-02,FINISHED
Toronto (Canada),hard,,Michelsen A.,Tien L.,2025-08-02,FINISHED
Toronto (Canada),hard,07:00 PM,Popyrin A.,Rune H.,2025-08-02,SCHEDULED
Toronto (Canada),hard,08:30 PM,Zverev A.,Cerundolo F.,2025-08-02,SCHEDULED
Toronto (Canada),hard,11:00 AM,Cobolli F.,Shelton B.,2025-08-03,SCHEDULED
Toronto (Canada),hard,11:00 AM,Lehecka J.,Fritz T.,2025-08-03,SCHEDULED
Toronto (Canada),hard,11:00 AM,Rublev A.,Davidovich Fokina A.,2025-08-03,SCHEDULED
Toronto (Canada),hard,11:00 AM,Tiafoe F.,De Minaur A.,2025-08-03,SCHEDULED
