player1_name,player2_name,surface,date,tournament,status1,status2,match_status,player1_odds,player2_odds,player1_score,player2_score
Alex Michelsen,Learner Tien,hard,2025-08-02,Toronto (Canada),FINAL,,FINISHED,"['-110', '-115', '-110', '-110', '-106', '-106', '-108']","['-110', '-115', '-110', '-118', '-121', '-121', '-114']",2,0
Karen Khachanov,Casper Ruud,hard,2025-08-02,Toronto (Canada),LIVE,2nd Set,LIVE,"['-110', '-140', '-138', '-135', '-139', '-139', '-138']","['-110', '+110', '+110', '+105', '+110', '+110', '+112']",1,0
Alexei Popyrin,Holger Rune,hard,2025-08-02,Toronto (Canada),SAT 08/02,7:00 PM,SCHEDULED,"['+175', '+175', '+175', '+160', '+175', '+175', '+184']","['-225', '-240', '-225', '-210', '-235', '-235', '-230']",-,-
Alexander Zverev,Francisco Cerundolo,hard,2025-08-02,Toronto (Canada),SAT 08/02,8:10 PM,SCHEDULED,"['-425', '-380', '-350', '-325', '-335', '-335', '-340']","['+300', '+260', '+275', '+240', '+240', '+240', '+260']",-,-
Christopher O'Connell,Alex De Minaur,hard,2025-08-02,Toronto (Canada),RETIRED,,FINISHED,"['+700', '+650', '+800', '+625', '+650', '+650', '+830']","['-1400', '-1400', '-1400', '-1200', '-1115', '-1115', '-1450']",0,0
Andrey Rublev,Alejandro Davidovich Fokina,hard,2025-08-03,Toronto (Canada),SUN 08/03,12:30 PM,SCHEDULED,"['+100', '+110', '+110', '+110', '+105', '+105', '+126']","['-130', '-140', '-138', '-140', '-132', '-132', '-152']",-,-
Frances Tiafoe,Alex De Minaur,hard,2025-08-03,Toronto (Canada),SUN 08/03,12:30 PM,SCHEDULED,"['+210', '+240', '+250', '+225', '+230', '+230', '+250']","['-285', '-340', '-333', '-300', '-315', '-315', '-320']",-,-
Jiri Lehecka,Taylor Fritz,hard,2025-08-03,Toronto (Canada),SUN 08/03,12:30 PM,SCHEDULED,"['+180', '+175', '+220', '+180', '+175', '+175', '+205']","['-235', '-240', '-275', '-235', '-235', '-235', '-260']",-,-
Flavio Cobolli,Ben Shelton,hard,2025-08-03,Toronto (Canada),SUN 08/03,12:30 PM,SCHEDULED,"['+190', '+210', '+220', '+210', '+195', '+195', '+215']","['-250', '-300', '-275', '-275', '-265', '-265', '-280']",-,-
