name,rank,rank_points
Jannik Sinner,1,"12,030"
Carlos Alcaraz,2,"8,600"
Alexander Zverev,3,"6,030"
Taylor Fritz,4,"5,135"
Jack Draper,5,"4,650"
Novak Djokovic,6,"4,130"
Ben Shelton,7,"3,520"
Alex De Minaur,8,"3,335"
Holger Rune,9,"3,250"
Lorenzo Musetti,10,"3,195"
Andrey Rublev,11,"3,110"
Frances Tiafoe,12,"2,990"
Casper Ruud,13,"2,905"
Daniil Medvedev,14,"2,720"
Tommy Paul,15,"2,620"
Karen Khachanov,16,"2,590"
Flavio Cobolli,17,"2,385"
Jakub Mensik,18,"2,362"
Alejandro Davidovich Fokina,19,"2,225"
Grigor Dimitrov,20,"2,155"
Arthur Fils,21,"2,130"
Tomas Machac,22,"2,110"
Ugo Humbert,23,"2,095"
Francisco Cerundolo,24,"2,085"
Alexander Bublik,25,"2,065"
Alexei Popyrin,26,"2,050"
Jiri Lehecka,27,"2,015"
Felix Auger-Aliassime,28,"1,865"
Denis Shapovalov,29,"1,836"
Stefanos Tsitsipas,30,"1,825"
Tallon Griekspoor,31,"1,715"
Brandon Nakashima,32,"1,700"
Sebastian Korda,33,"1,645"
Alex Michelsen,34,"1,555"
Luciano Darderi,35,"1,414"
Gabriel Diallo,36,"1,333"
Hubert Hurkacz,37,"1,285"
Lorenzo Sonego,38,"1,281"
Cameron Norrie,39,"1,277"
Alexandre Muller,40,"1,271"
Matteo Arnaldi,41,"1,265"
Nuno Borges,42,"1,265"
Giovanni Mpetshi Perricard,43,"1,205"
Jordan Thompson,44,"1,185"
Sebastian Baez,45,"1,180"
Corentin Moutet,46,"1,139"
Camilo Ugo Carabelli,47,"1,133"
Gael Monfils,48,"1,115"
Joao Fonseca,49,"1,110"
Miomir Kecmanovic,50,"1,106"
Jaume Munar,51,"1,087"
Zizou Bergs,52,"1,049"
Roberto Bautista Agut,53,"1,046"
Damir Dzumhur,54,"1,028"
Jacob Fearnley,55,"1,007"
Fabian Marozsan,56,"1,005"
Matteo Berrettini,57,975
Daniel Altmaier,58,973
Marcos Giron,59,960
Tomas Martin Etcheverry,60,960
Learner Tien,61,940
Aleksandar Kovacevic,62,929
Marin Cilic,63,922
Arthur Rinderknech,64,914
David Goffin,65,914
Benjamin Bonzi,66,905
Kei Nishikori,67,893
Pedro Martinez,68,890
Quentin Halys,69,886
Laslo Djere,70,886
Francisco Comesana,71,874
Mattia Bellucci,72,871
Hamad Medjedovic,73,869
Reilly Opelka,74,827
Arthur Cazaux,75,800
Yunchaokete Bu,76,793
Mariano Navone,77,785
Christopher O'Connell,78,775
Jesper De Jong,79,766
Vit Kopriva,80,756
Kamil Majchrzak,81,744
Roman Safiullin,82,741
Juan Manuel Cerundolo,83,736
Carlos Taberner,84,734
Rinky Hijikata,85,733
Ethan Quinn,86,726
Botic Van De Zandschulp,87,722
Adam Walton,88,706
Roberto Carballes Baena,89,690
Raphael Collignon,90,690
Marton Fucsovics,91,688
Borna Coric,92,680
Pablo Carreno Busta,93,662
Adrian Mannarino,94,661
Filip Misolic,95,661
Mackenzie Mcdonald,96,655
Luca Nardi,97,655
Hugo Dellien,98,654
Aleksandar Vukic,99,639
Nicolas Jarry,100,638
Alexander Shevchenko,101,635
Jenson Brooksby,102,627
Tristan Schoolkate,103,616
Alejandro Tabilo,104,605
Elmer Moller,105,601
James Duckworth,106,600
Chun-Hsin Tseng,107,599
Brandon Holt,108,594
Juncheng Shang,109,580
Nishesh Basavareddy,110,580
Valentin Royer,111,579
Nikoloz Basilashvili,112,548
Liam Draxl,113,548
Emilio Nava,114,539
Cristian Garin,115,535
Jaime Faria,116,530
Otto Virtanen,117,529
Francesco Passaro,118,524
Lukas Klein,119,517
Dalibor Svrcina,120,514
Alexander Blockx,121,492
Shintaro Mochizuki,122,491
Tristan Boyer,123,480
Eliot Spizzirri,124,477
Matteo Gigante,125,476
Hugo Gaston,126,473
Dino Prizmic,127,470
Andrea Pellegrino,128,468
Daniel Evans,129,465
Thiago Agustin Tirante,130,461
Yoshihito Nishioka,131,459
Terence Atmane,132,458
Thiago Seyboth Wild,133,455
Daniel Elahi Galan,134,455
Ignacio Buse,135,453
Colton Smith,136,448
Martin Landaluce,137,440
Jan-Lennard Struff,138,438
Roman Andres Burruchaga,139,437
Juan Pablo Ficovich,140,435
Sebastian Ofner,141,433
Pierre-Hugues Herbert,142,431
Tomas Barrios Vera,143,425
August Holmgren,144,418
Dusan Lajovic,145,414
Billy Harris,146,405
Mark Lajal,147,403
Zachary Svajda,148,399
Vilius Gaubas,149,396
Yannick Hanfmann,150,392
Jan Choinski,151,387
Stan Wawrinka,152,382
Titouan Droguet,153,377
Federico Coria,154,376
Christopher Eubanks,155,369
Taro Daniel,156,368
Harold Mayot,157,363
Yosuke Watanuki,158,358
Chris Rodesch,159,356
Felipe Meligeni Alves,160,356
Thanasi Kokkinakis,161,355
Zsombor Piros,162,350
Kyrian Jacquet,163,349
Li Tu,164,344
Zhizhen Zhang,165,335
Mitchell Krueger,166,333
James Mccabe,167,323
Coleman Wong,168,323
Hady Habib,169,320
Thiago Monteiro,170,320
Daniel Merida,171,318
Lukas Neumayer,172,317
Guy Den Ouden,173,316
Marc-Andrea Huesler,174,313
Murphy Cassone,175,312
Henrique Rocha,176,309
Lucas Pouille,177,309
Francesco Maestrelli,178,308
Alibek Kachmazov,179,304
Marco Trungelliti,180,302
Calvin Hemery,181,302
Richard Gasquet,182,301
Luca Van Assche,183,298
Jurij Rodionov,184,297
Santiago Rodriguez Taverna,185,295
Yibing Wu,186,294
Nicolai Budkov Kjaer,187,293
Benjamin Hassan,188,292
James Trotter,189,291
Luka Pavlovic,190,290
Jerome Kym,191,287
Hugo Grenier,192,285
Alexis Galarneau,193,285
Kimmer Coppejans,194,281
Mikhail Kukushkin,195,278
Jack Pinnington Jones,196,277
Nicolas Moreno De Alboran,197,277
Jason Kubler,198,275
Jay Clarke,199,275
Constant Lestienne,200,272
Federico Agustin Gomez,201,270
Dominic Stricker,202,270
Beibit Zhukayev,203,269
Omar Jasika,204,269
Rei Sakamoto,205,268
Sascha Gueymard Wayenburg,206,267
Yuta Shimizu,207,266
Sho Shimabukuro,208,265
Rio Noguchi,209,264
Gauthier Onclin,210,262
Bernard Tomic,211,262
Vitaliy Sachko,212,259
Patrick Kypson,213,258
Fajing Sun,214,258
Aziz Dougaz,215,256
Arthur Bouquier,216,254
Yu Hsiou Hsu,217,254
Borna Gojo,218,253
Pol Martin Tiffon,219,252
Rodrigo Pacheco Mendez,220,252
Dmitry Popko,221,249
Viktor Durasovic,222,248
Federico Cina,223,247
Yasutaka Uchiyama,224,247
Justin Engel,225,247
Alex Bolt,226,246
Edas Butvilas,227,245
Stefano Travaglia,228,244
Oliver Crawford,229,244
Clement Chidekh,230,244
Ugo Blanchet,231,243
Elias Ymer,232,243
Clement Tabur,233,242
Johannus Monday,234,242
George Loffhagen,235,239
Alex Barrena,236,239
Joao Lucas Reis Da Silva,237,237
Ilia Simakin,238,235
Nerman Fatic,239,233
Andrea Collarini,240,233
Ryan Peniston,241,232
Nicolas Mejia,242,231
Alvaro Guillen Meza,243,227
Adolfo Daniel Vallejo,244,226
Pavel Kotov,245,222
Marek Gengel,246,220
Aslan Karatsev,247,219
Ivan Gakhov,248,219
Mathys Erhard,249,217
Matias Soto,250,217
Andres Andrade,251,215
Facundo Diaz Acosta,252,214
Valentin Vacherot,253,213
Marat Sharipov,254,207
Matej Dodig,255,206
Geoffrey Blancaneaux,256,206
Alejandro Moro Canas,257,205
Juan Carlos Prado Angelo,258,204
Dimitar Kuzmanov,259,204
Filip Cristian Jianu,260,204
Norbert Gombos,261,203
Duje Ajdukovic,262,203
Frederico Ferreira Silva,263,203
Nicolas Alvarez Varona,264,202
Saba Purtseladze,265,202
Khumoyun Sultanov,266,201
Christoph Negritu,267,201
Yan Bai,268,200
Matteo Martineau,269,199
Patrick Zahraj,270,199
Tung-Lin Wu,271,197
Marko Topo,272,196
Facundo Mena,273,196
Lautaro Midon,274,196
Andres Martin,275,195
Giulio Zeppieri,276,193
Mili Poljicak,277,193
Arthur Gea,278,193
Matheus Pucinelli De Almeida,279,191
Karue Sell,280,189
Carlos Sanchez Jover,281,188
Max Houkes,282,187
Albert Ramos-Vinolas,283,184
Murkel Dellien,284,183
Aidan Mayo,285,182
Eliakim Coulibaly,286,181
Marco Cecchinato,287,180
Daniel Rincon,288,180
Adria Soriano Barrera,289,179
Jie Cui,290,178
Gonzalo Oliveira,291,177
Jakub Paul,292,176
Mika Brunold,293,176
Gonzalo Bueno,294,176
Tiago Pereira,295,176
Daniel Michalski,296,175
Hynek Barton,297,174
Lorenzo Giustino,298,172
Gustavo Heide,299,171
Genaro Alberto Olivieri,300,169
Tyler Zink,301,168
Nikolas Sanchez Izquierdo,302,168
Antoine Escoffier,303,166
Michael Geerts,304,166
Timofey Skatov,305,165
Max Hans Rehberg,306,164
Sumit Nagal,307,163
Andrea Vavassori,308,163
Corentin Denolly,309,163
Radu Albot,310,161
Alexander Ritschard,311,161
Moez Echargui,312,160
Juan Pablo Varillas,313,159
Alex Rybakov,314,159
Oleg Prihodko,315,159
Gastao Elias,316,159
Juan Bautista Torres,317,159
Arthur Fery,318,158
Jacopo Berrettini,319,158
Stefanos Sakellaridis,320,157
Patrick Maloney,321,157
Gijs Brouwer,322,156
Michael Mmoh,323,156
Renzo Olivo,324,156
Denis Yevseyev,325,156
Robin Bertrand,326,156
Yi Zhou,327,154
Roberto Cid Subervi,328,154
Jelle Sels,329,154
Moerani Bouzige,330,154
Philip Henning,331,152
Nicolas Kicker,332,151
Robert Strombachs,333,151
Alexey Vatutin,334,149
Blake Ellis,335,148
Andrej Martin,336,148
Alex Marti Pujolras,337,147
Dan Added,338,147
Federico Arnaboldi,339,147
Luka Mikrut,340,146
Tom Paris,341,146
Daniel Dutra Da Silva,342,146
Garrett Johns,343,146
Govind Nanda,344,145
Oriol Roca Batalla,345,145
Luciano Emanuel Ambrogi,346,145
Remy Bertola,347,145
Maximilian Marterer,348,143
Petr Bar Biryukov,349,143
Naoki Nakagawa,350,142
Christian Langmo,351,142
Diego Dedura,352,142
Raul Brancaccio,353,140
Joel Schwaerzler,354,140
Pedro Boscardin Dias,355,137
Andre Ilagan,356,136
Gabriel Debru,357,135
Alastair Gray,358,135
Inaki Montes-De La Torre,359,135
Mats Rosenkranz,360,134
Nicholas David Ionel,361,134
Pablo Llamas Ruiz,362,133
Gregoire Barrere,363,132
Hyeon Chung,364,132
Hiroki Moriya,365,132
Milos Karol,366,132
Masamichi Imamura,367,131
Henri Squire,368,131
Guido Ivan Justo,369,131
Fabrizio Andaloro,370,130
Daniil Glinka,371,130
Alfredo Perez,372,130
Toby Kodat,373,130
Gonzalo Villanueva,374,130
Mateus Alves,375,130
Lloyd Harris,376,129
Gilles Arnaud Bailly,377,129
Alex Molcan,378,128
Andrej Nedic,379,128
Oleksandr Ovcharenko,380,127
Zdenek Kolar,381,126
Adrian Andreev,382,125
Giovanni Fonio,383,125
Kilian Feldbausch,384,124
Lucas Poullain,385,124
Abdullah Shelbayh,386,123
Ricardas Berankis,387,122
Maximilian Neuchrist,388,122
Svyatoslav Gulin,389,122
Aryan Shah,390,121
Laurent Lokoli,391,120
Franco Roncadelli,392,120
Rudolf Molleker,393,120
Maximus Jones,394,120
Mariano Kestelboim,395,118
Seongchan Hong,396,117
Bernabe Zapata Miralles,397,117
Gabi Adrian Boitan,398,116
Lukas Pokorny,399,116
Tom Gentzsch,400,116
Karan Singh,401,116
Oliver Tarvet,402,115
Darwin Blanch,403,115
Sandro Kopp,404,115
Florent Bax,405,115
Dennis Novak,406,114
Lilian Marmousez,407,113
Paul Jubb,408,113
Federico Bondioli,409,113
Pedro Sakamoto,410,112
Gabriele Piraino,411,112
Juan Carlos Aguilar,412,112
Kyle Edmund,413,111
Franco Agamenone,414,111
Henry Searle,415,110
Marvin Moeller,416,110
Yusuke Takahashi,417,109
Vadym Ursu,418,109
Miguel Damas,419,109
Alexandr Binda,420,109
Kasidit Samrej,421,108
Neil Oberleitner,422,108
Matthew Dellavedova,423,108
Stefan Dostanic,424,107
Enrico Dalla Valle,425,106
Charles Broom,426,106
Max Alcala Gurri,427,106
Kris Van Wyk,428,106
Marc Polmans,429,105
Ryan Nijboer,430,104
Stefan Kozlov,431,103
Alvin Nicholas Tudorica,432,103
Sanhui Shin,433,102
Cezar Cretu,434,102
Manuel Guinard,435,101
Max Wiskandt,436,101
Gerard Campana Lee,437,101
Tibo Colson,438,101
Max Purcell,439,100
Martin Damm,440,99
Jakub Nicod,441,99
Iliyan Radulov,442,99
Oleksii Krutykh,443,99
Michael Zheng,444,98
Stuart Parker,445,98
Giles Hussey,446,97
Maxim Mrva,447,96
Hamish Stewart,448,96
Alex Hernandez,449,96
Woobin Shin,450,96
Petr Nesterov,451,94
Dominik Koepfer,452,93
Javier Barranco Cosano,453,93
Tommaso Compagnucci,454,92
Pedro Araujo,455,92
Gabriele Pennaforti,456,92
Anton Matusevich,457,91
Aristotelis Thanos,458,91
J.J. Wolf,459,90
Petr Brunclik,460,90
Mukund Sasikumar,461,90
Andrea Picchione,462,90
Kokoro Isomura,463,90
Eric Vanshelboim,464,90
Olle Wallin,465,89
Dane Sweeny,466,89
Valerio Aboian,467,88
Juan Manuel La Serna,468,88
Maxwell Mckennon,469,88
Antoine Ghibaudo,470,87
Branko Djuric,471,87
Renta Tokuda,472,86
Bor Artnak,473,86
Tristan Lamasine,474,85
Lorenzo Joaquin Rodriguez,475,85
Sergey Fomin,476,85
Olaf Pieczkowski,477,85
Rafael Jodar,478,84
Leo Borg,479,84
Nikolay Vylegzhanin,480,84
Dali Blanch,481,84
Yurii Dzhavakian,482,84
Dan Alexandru Tomescu,483,83
Florian Broska,484,83
Ergi Kirkin,485,83
Keegan Smith,486,83
Leandro Riedi,487,82
Micah Braswell,488,82
Enzo Couacaud,489,82
Eduardo Ribeiro,490,82
Alessandro Pecci,491,82
Takuya Kumasaka,492,82
Gianluca Cadenasso,493,82
Peter Bertran,494,82
Hernan Casanova,495,81
Tadeas Paroulek,496,81
Michael Vrbensky,497,80
Arthur Reymond,498,80
Luca Castelnuovo,499,80
Martin Krumich,500,80
Erik Arutiunian,501,80
Benjamin Lock,502,79
Ryuki Matsuda,503,79
Evgeny Karlovskiy,504,78
Ajeet Rai,505,78
Jake Delaney,506,78
Filip Peliwo,507,78
Christian Sigsgaard,508,77
Viacheslav Bielinskyi,509,77
Alex Martinez,510,77
David Jorda Sanchis,511,77
Harry Wendelken,512,77
Cem Ilkel,513,76
Maxime Chazal,514,76
Hikaru Shiraishi,515,76
Samir Banerjee,516,75
Jonas Forejtek,517,75
Peter Fajta,518,75
Luca Potenza,519,75
Loann Massard,520,75
Kirill Kivattsev,521,75
Stefan Popovic,522,75
Evgenii Tiurnev,523,74
Egor Agafonov,524,74
Eero Vasa,525,74
Alejo Sanchez Quilez,526,74
Tristan Mccormick,527,74
Maks Kasnikowski,528,72
Manuel Mazza,529,72
Facundo Juarez,530,72
Cannon Kingsley,531,71
Liam Broady,532,71
Elmar Ejupovic,533,71
Martin Klizan,534,70
Federico Iannaccone,535,70
Tsung-Hao Huang,536,70
Kenta Miyoshi,537,69
Alec Beckley,538,69
Daniel Masur,539,69
Mae Malige,540,68
Carlos Lopez Montagud,541,68
Antoine Cornut-Chauvinc,542,67
Daniel Milavsky,543,67
Conner Huertas Del Pino,544,67
Yuki Mochizuki,545,67
Michiel De Krom,546,67
Aidan Mchugh,547,67
Dominik Kellovsky,548,67
Stefan Adrian Andreescu,549,67
Andrea Guerrieri,550,66
Rigele Te,551,66
Alafia Ayeni,552,66
James Story,553,66
Diego Schwartzman,554,65
Keisuke Saitoh,555,65
Felix Corwin,556,65
Adhithya Ganesan,557,65
Edward Winter,558,65
Alexander Weis,559,65
Dan Martin,560,65
Pierluigi Basile,561,64
Etienne Donnet,562,64
Dominik Palan,563,64
Maxime Janvier,564,64
Trevor Svajda,565,63
Andrew Paulson,566,63
Damien Wenger,567,63
Louis Wessels,568,63
Vladyslav Orlov,569,63
Arda Azkara,570,62
Denis Klok,571,62
Lorenzo Carboni,572,62
Paulo Andre Saraiva Dos Santos,573,62
Evan Zhu,574,62
Emil Ruusuvuori,575,61
Jozef Kovalik,576,61
Shintaro Imai,577,61
Yanki Erel,578,61
Filippo Moroni,579,60
Filip Jeff Planinsek,580,60
Gianmarco Ferrari,581,60
Emilien Demanet,582,60
Luca Castagnola,583,60
Gianluca Mager,584,59
Mirza Basic,585,59
Felix Gill,586,59
Jose Pereira,587,59
Sebastian Sorger,588,59
Johan Alexander Rodriguez,589,59
James Watt,590,59
Egor Gerasimov,591,58
Soonwoo Kwon,592,58
Lucas Gerch,593,58
Filippo Romano,594,58
Blake Mott,595,58
Ewen Lumsden,596,58
Ryan Seggerman,597,57
Arthur Weber,598,57
Julio Cesar Porras,599,57
Imanol Lopez Morillo,600,57
John Echeverria,601,57
Joao Eduardo Schiessl,602,57
Sergi Perez Contri,603,57
Hazem Naw,604,56
Philip Sekulic,605,56
Robin Catry,606,56
Altug Celikbilek,607,55
Joao Domingues,608,55
Samuel Vincent Ruggeri,609,55
Kaichi Uchida,610,55
Fares Zakaria,611,55
Dev Javia,612,55
Aidan Kim,613,54
Alexey Zakharov,614,54
Jiri Vesely,615,54
Theo Papamalamis,616,54
Ilya Snitari,617,54
Justin Boulais,618,54
Stefan Palosi,619,54
Aleksandre Bakshi,620,54
Leonardo Rossi,621,54
Kenny De Schepper,622,54
Mikael Ymer,623,53
Omni Kumar,624,53
Sean Cuenin,625,53
Jacob Brumm,626,53
Luis Carlos Alvarez,627,52
Kyle Kang,628,52
Carlo Alberto Caniato,629,52
Benoit Paire,630,52
Tim Handel,631,52
Alex Knaff,632,52
Karl Poling,633,52
Niels Visker,634,52
Ramkumar Ramanathan,635,51
Akira Santillan,636,51
Michael Agwi,637,51
Nicolas Arseneault,638,51
Linang Xiao,639,51
Jack Loge,640,51
Aleksandr Braynin,641,51
Nick Kyrgios,642,50
Orlando Luz,643,50
Pedro Rodrigues,644,50
Pietro Fellin,645,50
Bruno Kuzuhara,646,50
Mees Rottgering,647,50
Lucas Bouquet,648,50
Stijn Slump,649,50
Tomasz Berkieta,650,50
Colin Sinclair,651,50
Ben Jones,652,50
Aziz Ouakaa,653,50
Millen Hurrion,654,49
Maxim Zhukov,655,49
Hayato Matsuoka,656,49
Giovanni Oradini,657,49
Strong Kirchheimer,658,49
Nino Ehrenschneider,659,49
Sebastian Gima,660,49
Andrey Chepelev,661,49
Max Basing,662,48
Pedro Cachin,663,48
Pawit Sornlaksup,664,48
Mikalai Haliak,665,48
Buvaysar Gadamauri,666,48
Massimo Giunta,667,48
Mitsuki Wei Kang Leong,668,48
Michal Krajci,669,48
Joris De Loore,670,47
Tianhui Zhang,671,47
Tuncay Duran,672,47
Tomas Farjat,673,47
Taisei Ichikawa,674,47
Bogdan Bobrov,675,47
Maxence Beauge,676,47
Alberto Barroso Campos,677,47
Mathias Bourgue,678,46
Jacopo Vasami,679,45
Alexander Donski,680,45
Maxime Cressy,681,45
Trey Hilderbrand,682,45
Louis Dussin,683,45
Ye Cong Mo,684,45
Juan Pablo Paz,685,45
Francisco Rocha,686,45
Guillaume Dalmasso,687,45
Adrian Oetzbach,688,45
Facundo Bagnis,689,44
Cooper Williams,690,44
Radu Mihai Papoe,691,44
Andres Santamarta Roig,692,44
Pavle Marinkov,693,44
Matthew William Donald,694,44
Juan Estevez,695,44
Cyril Vandermeersch,696,43
Ignacio Monzon,697,43
William Grant,698,43
Diego Augusto Barreto Sanchez,699,43
Jisung Nam,700,42
Joshua Sheehy,701,42
Mohamed Safwat,702,42
Santiago De La Fuente,703,42
Lorenzo Rottoli,704,42
Manas Dhamne,705,42
Alejandro Manzanera Pertusa,706,42
Emile Hudd,707,41
Mert Alkaya,708,41
John Sperle,709,41
Iannis Miletich,710,41
Samir Hamza Reguig,711,41
Ernesto Escobedo,712,40
Miguel Tobon,713,40
Uisung Park,714,40
Isaiah Strode,715,40
Axel Garcian,716,40
Thomas Faurel,717,40
Dusan Obradovic,718,40
Kosuke Ogura,719,40
Wishaya Trongcharoenchaikul,720,40
Raphael Perot,721,39
Nick Hardt,722,39
Elliot Benchetrit,723,39
Ryotaro Taguchi,724,39
Bautista Vilicich,725,39
Andrew Fenty,726,39
Blaise Bicknell,727,38
Gabriel Ghetu,728,38
Yaroslav Demin,729,38
Wilson Leite,730,38
Ivan Marrero Curbelo,731,38
Igor Gimenez,732,38
Taha Baadi,733,38
Gergely Madarasz,734,37
Jacob Bradshaw,735,37
Semen Pankin,736,37
Johan Nikles,737,37
Amaury Raynel,738,37
Leo Vithoontien,739,37
Mario Gonzalez Fernandez,740,37
Noah Schachter,741,37
Denis Kudla,742,36
Samuel Alejandro Linde Palacios,743,36
Kuan-Yi Lee,744,36
Lorenzo Bocchi,745,35
Steven Diez,746,35
Jakub Filip,747,35
Niccolo Catini,748,35
Pierre Yves Bailly,749,34
Ali Yazdani,750,34
Alan Magadan,751,34
Stefano Napolitano,752,34
Yusuke Kusuhara,753,34
Alexis Gautier,754,34
Albert Pedrico Kravtsov,755,34
Adrien Gobat,756,34
Aleksandr Lobanov,757,34
Michele Ribecai,758,34
Nick Chappell,759,33
Alan Fernando Rubio Fierros,760,33
Abel Forger,761,33
Fausto Tabacco,762,33
Amr Elsayed,763,33
Gavin Young,764,32
Igor Marcondes,765,32
Luca Preda,766,32
Yuta Kawahashi,767,32
Alexander Klintcharov,768,32
Ignacio Parisca Romera,769,32
Dragos Nicolae Cazacu,770,32
Orel Kimhi,771,31
Savva Polukhin,772,31
Koki Matsuda,773,31
Pierre Delage,774,31
Pablo Masjuan Ginel,775,31
Nicolas Tepmahc,776,31
Kiranpal Pannu,777,31
Felix Balshaw,778,31
Kai Wehnelt,779,31
S D Prajwal Dev,780,31
Roger Pascual Ferra,781,30
Attila Boros,782,30
Daniel Antonio Nunez,783,30
Quinn Vandecasteele,784,30
Rodrigo Alujas,785,30
Matthew Summers,786,30
Mate Valkusz,787,29
Dhakshineswar Suresh,788,29
Henry Bernet,789,29
Blu Baker,790,29
Reda Bennani,791,29
Duarte Vale,792,29
Kalin Ivanovski,793,29
Dinko Dinev,794,29
Gustavo Ribeiro De Almeida,795,29
Martin Van Der Meerschen,796,29
Sidharth Rawat,797,29
Yuta Kikuchi,798,29
Mert Naci Turker,799,29
Franco Ribero,800,29
Josip Simundza,801,29
Francesco Forti,802,28
Daniel Cukierman,803,28
Rudy Quan,804,28
Kaylan Bigun,805,28
Hoyoung Roh,806,28
Jules Marie,807,28
Sebastian Prechtel,808,28
Lautaro Agustin Falabella,809,28
Ezekiel Clark,810,28
Maxence Bertimon,811,28
Ozan Baris,812,27
Jack Anthrop,813,27
Ilya Ivashka,814,27
Ivan Ivanov,815,27
Victor Lilov,816,27
Oliver Anderson,817,27
Gilbert Klier Junior,818,27
Leonardo Aboian,819,27
Shinji Hazawa,820,27
Maik Steiner,821,27
Naoya Honda,822,27
Georgii Kravchenko,823,27
Taiyo Yamanaka,824,27
Yanaki Milev,825,27
Oliver Bonding,826,26
Moise Kouame,827,26
Mateo Barreiros Reyes,828,26
Filip Pieczonka,829,26
Mwendwa Mbithi,830,26
Miles Jones,831,26
Ryan Fishback,832,26
Thanapet Chanta,833,26
Giuseppe La Vela,834,26
Constantin Bittoun Kouzmine,835,26
Stefano D'Agostino,836,26
Tomohiro Masabayashi,837,26
Oscar Weightman,838,25
Jay Dylan Hara Friend,839,25
Ognjen Milic,840,25
Cruz Hewitt,841,25
Savriyan Danilov,842,25
Ioannis Xilas,843,25
Matt Hulme,844,25
Tyler Stice,845,25
Tai Sach,846,25
Leo Raquillet,847,25
Zura Tkemaladze,848,25
Thiago Cigarran,849,25
Marcello Serafini,850,25
Joaquin Aguilar Cardozo,851,25
Juan Ignacio Londero,852,24
Shunsuke Mitsui,853,24
Patrick Brady,854,24
Radu David Turcanu,855,24
Tomas Serrano Luis,856,24
Samuel Heredia,857,24
Elgin Khoeblal,858,24
Kane Bonsach Ganley,859,24
Chirag Duhan,860,24
Menelaos Efstathiou,861,24
Jasza Szajrych,862,24
Tomas Curras Abasolo,863,24
Mihai Razvan Marinescu,864,24
Kristijan Juhas,865,23
Maximilian Homberg,866,23
Evgeny Philippov,867,23
Juan Sebastian Osorio,868,23
Nikita Mashtakov,869,23
Michael Bassem Sobhy,870,23
Louis Tessa,871,23
Dimitris Sakellaridis,872,23
Nicolas Ian Kotzen,873,22
Yassine Dlimi,874,22
Georgi Georgiev,875,22
Sora Fukuda,876,22
Pawel Juszczak,877,22
Ivan Nedelko,878,22
Enzo Wallart,879,22
Sebastian Fanselow,880,22
Yaojie Zeng,881,22
Alexandre Reco,882,22
Thomas Braithwaite,883,22
Arthur Nagel,884,22
Yanis Ghazouani Durand,885,22
Pietro Marino,886,22
Marlon Vankan,887,22
Niklas Schell,888,22
Cedrik-Marcel Stebe,889,21
Toby Samuel,890,21
Daisuke Sumizawa,891,21
Juan Cruz Martin Manzano,892,21
Samuele Pieri,893,21
Matt Kuhar,894,21
Amit Vales,895,21
Nicolas Jadoun,896,21
Paul Inchauspe,897,20
Juan Sebastian Gomez,898,20
Toufik Sahtali,899,20
Axel Nefve,900,20
Sergio Callejon Hernando,901,20
Benjamin Thomas George,902,20
Artur Kukasian,903,20
Seydina Andre,904,20
Zoran Ludoski,905,19
Alejo Lorenzo Lingua Lavallen,906,19
Benjamin Torrealba,907,19
Matteo Covato,908,19
Lucas Marionneau,909,19
Lasse Poertner,910,19
Matyas Cerny,911,19
Kristjan Tamm,912,19
Andrea Fiorentini,913,19
Nikita Bilozertsev,914,18
Jea Moon Lee,915,18
Filippo Speziali,916,18
Simeon Stankovic,917,18
Alessandro Bellifemine,918,18
Jeremy Gschwendtner,919,18
Brian Bozemoj,920,18
Duckhee Lee,921,18
Gregor Ramskogler,922,18
Mariano Tammaro,923,18
Daniel De Jonge,924,18
Maxence Rivet,925,18
Niccolò Ciavarella,926,18
Alexandre Aubriot,927,18
Saveliy Ivanov,928,18
Andrew Delgado,929,17
Alec Deckers,930,17
Luca Pow,931,17
Spencer Johnson,932,17
David Pichler,933,17
Stefan Latinovic,934,17
Thomas Deschamps,935,17
Daniil Ostapenkov,936,17
Elijah Strode,937,17
Alberto Bronzetti,938,17
Chanyeong Oh,939,17
Adil Kalyanpur,940,17
Marcus Walters,941,17
Gian Marco Ortenzi,942,17
Joshua Charlton,943,17
Diogo Marques,944,17
Diego Fernandez Flores,945,17
Grigoriy Lomakin,946,17
Kaito Uesugi,947,16
Timo Legout,948,16
Thomas Fancutt,949,16
Devin Badenhorst,950,16
Blaz Rola,951,16
Timofei Derepasko,952,16
Sebastian Eriksson,953,16
Jaden Weekes,954,16
Pepijn Bastiaansen,955,16
Enzo Kohlmann De Freitas,956,16
Daniel Paty,957,16
Jumpei Yamasaki,958,16
Ruslan Tiukaev,959,16
Kasra Rahmani,960,16
Bogdan Pavel,961,16
Mika Lipp,962,16
Rares Teodor Pieleanu,963,16
Nikola Basic,964,16
Jesse Delaney,965,16
Benito Sanchez Martinez,966,15
Pedro Vives Marcos,967T,15
Kuang Qing Xu,967T,15
Lorenzo Gagliardo,969,15
Oskari Paldanius,970,15
Amir Omarkhanov,971,15
Petros Tsitsipas,972,15
Ioan Alexandru Chirita,973,15
Jan Kumstat,974,15
Nino Serdarusic,975,15
Marcel Zielinski,976,15
Aristarkh Safonov,977,15
Siddharth Vishwakarma,978,15
Chase Ferguson,979,15
M Rifki Fitriadi,980,15
Salvador Price,981,15
David Poljak,982,15
Sheng Tang,983,15
Marko Maksimovic,984T,15
Lorenzo Sciahbasi,984T,15
Peter Buldorini,986,15
Jan Kupcic,987,15
Finn Bass,988,15
Toby Martin,989,15
Pengyu Lu,990,15
Philip Hjorth,991,15
Brandon Perez,992,15
Gabriele Maria Noce,993,15
Oscar Jose Gutierrez,994,15
Michael Zhu,995,15
Preston Brown,996,15
Giannicola Misasi,997,15
Alexander Bernard,998,14
Kriish Tyagi,999,14
Sidane Pontjodikromo,1000,14
Cooper Woestendick,1001,14
Daniel Siniakov,1002,14
Sebastian Dominko,1003,14
Pablo Martinez Gomez,1004,14
Maxim Shin,1005,14
Carles Hernandez,1006,14
Michel Hopp,1007,14
Lucio Ratti,1008,14
Andrin Casanova,1009,14
Alejandro Turriziani Alvarez,1010,14
Adan Freire Da Silva,1011,14
Ryan Dickerson,1012,14
Lorenzo Lorusso,1013,14
Charlie Camus,1014,14
Justin Schlageter,1015,14
Daniil Sarksian,1016,14
Hayden Jones,1017,14
Evan Bynoe,1018,14
Ezequiel Monferrer,1019,14
Nikola Milojevic,1020,13
Paul Barbier Gazeu,1021,13
Franco Emanuel Egea,1022,13
Tymur Bieldiugin,1023T,13
Matthew Thomson,1023T,13
Aoran Wang,1025,13
Shunsuke Nakagawa,1026,13
Ishaque Eqbal,1027,13
Oscar Moraing,1028,13
Younes Lalami Laaroussi,1029,13
Fernando Cavallo,1030,13
Juan Bautista Otegui,1031,13
Sungbeen Sim,1032,13
Mika Petkovic,1033,13
Nicolas Villalon,1034,13
Nathan Ponwith,1035,13
Valentin Basel,1036,13
Riccardo Bonadio,1037,12
Harrison Adams,1038,12
Pietro Romeo Scomparin,1039,12
Peter Heller,1040,12
Milan Welte,1041,12
Mario Martinez Serrano,1042,12
Derek Pham,1043,12
Martin Borisiouk,1044,12
Ryotero Matsumura,1045,12
Cezar Gabriel Papoe,1046,12
Collin Altamirano,1047T,12
Thantub Suksumrarn,1047T,12
Jesse Flores,1049,12
Leo Deflandre,1050,12
Patrick Kaukovalta,1051,12
Jeffrey Von Der Schulenburg,1052,12
Aliaksandr Liaonenka,1053,12
Carlos Maria Zarate,1054,12
Ronald Hohmann,1055,12
Alen Mujakic,1056,12
Illya Beloborodko,1057,12
Aaron Funk,1058T,12
Aleksa Pisaric,1058T,12
Karol Filar,1060T,12
Phillip Jordan,1060T,12
Manuel Plunger,1062,12
Martyn Pawelski,1063,12
Nitin Kumar Sinha,1064,12
Pavlos Tsitsipas,1065,12
Zhe Li,1066,11
Adam Neff,1067,11
Stian Klaassen,1068,11
Marc Van Der Merwe,1069,11
Alexander Kotzen,1070,11
Yun Seong Chung,1071T,11
Joshua Lapadat,1071T,11
Carl Emil Overbeck,1071T,11
Niccolo Baroni,1074T,11
Vlado Jankanj,1074T,11
Aleksa Ciric,1076,11
Lucca Helguera Casado,1077,11
Rishab Agarwal,1078,11
Isaac Becroft,1079,11
Kacper Szymkowiak,1080,11
Tomas Martinez,1081,11
Rafael De Alba,1082,11
Benjamin Winter Lopez,1083,11
Deney Wassermann,1084,11
Vuk Radjenovic,1085,11
Joao Vitor Goncalves Ceolin,1086,11
Mikael Arseneault,1087T,11
Kuzey Cekirge,1087T,11
Nicolas Bruna,1089,11
Leonardo Malgaroli,1090,11
Corban Crowther,1091,11
Yuvan Nandal,1092,11
Izan Almazan Valiente,1093,11
Charles Chen,1094,11
Sam Ryan Ziegann,1095,11
Arthur Bonnaud,1096,11
Hugo Pierre,1097,11
Boris Butulija,1098,11
Noah Perfetti,1099,11
Mohamed Nazim Makhlouf,1100,11
Justin Barki,1101,10
Rohan Murali,1102,10
Lucas Renard,1103,10
Enzo Aguiard,1104T,10
Adrian Bodmer,1104T,10
Christopher Li,1104T,10
Guy Orly Iradukunda,1107T,10
Alexander Rozin,1107T,10
Christopher Bulus,1109,10
Keegan Rice,1110,10
Antoine Hoang,1111,10
Cengiz Aksu,1112,10
Jack Loutit,1113,10
Mikhail Gorokhov,1114,10
Finn Murgett,1115,10
Chen Dong,1116,10
Manish Sureshkumar,1117,10
Matteo De Vincentis,1118,10
Adam Jilly,1119,10
Alexander Stater,1120,10
Matisse Bobichon,1121,10
Aldin Setkic,1122,10
Antoine Berger,1123,10
Mateo Castañeda,1124,10
Pablo Trochu,1125,10
Denis Petak,1126T,10
Matthias Ujvary,1126T,10
Andreas Timini,1128,10
Stefan Vujic,1129,10
Ali Habib,1130,10
Ricardo Rodriguez - Pace,1131,10
Noah Thurner,1132,10
Keshav Chopra,1133,10
Gokberk Saritas,1134,10
Lucas Andrade Da Silva,1135,9
Lui Maxted,1136,9
Nam Hoang Ly,1137,9
Ilgiz Valiev,1138,9
Dominique Rolland,1139,9
Arklon Huertas Del Pino Cordova,1140,9
Andrea Meduri,1141,9
Liam Branger,1142,9
Marcel Kamrowski,1143,9
Cesar Bouchelaghem,1144,9
Tim Ruehl,1145,9
Vito Tonejc,1146,9
Simon Beaupain,1147,9
Vishnu Vardhan,1148,9
Mariano Dedura-Palomero,1149,9
Yuto Oki,1150,9
Pavel Verbin,1151,9
Yannik Kelm,1152,9
Adam Heinonen,1153,9
Alejandro Juan Mano,1154,9
Alan Bojarski,1155T,9
Giorgio Tabacco,1155T,9
Hanyi Liu,1157,9
Max Schoenhaus,1158,9
Charles Bertimon,1159T,9
Luc Fomba,1159T,9
Francesco Ferrari,1161,9
Maximo Zeitune,1162,9
Sasa Markovic,1163,9
Nico Hipfl,1164,9
Tristan Stringer,1165,9
Leyton Rivera,1166,9
Vignesh Gogineni,1167,8
Bastian Malla,1168,8
Thijs Boogaard,1169,8
Dylan Dietrich,1170,8
Artem Dubrivnyy,1171,8
Evgeny Donskoy,1172,8
Liam Gavrielides,1173T,8
Ryo Tabata,1173T,8
Jack Kennedy,1175T,8
Novak Novakovic,1175T,8
Nicolas Zanellato,1177,8
Benjamin Willwerth,1178,8
Nicolas Parizzia,1179,8
Antoine Vincent,1180,8
Luke Simkiss,1181,8
Cleeve Harper,1182,8
Igor Kudriashov,1183,8
Karlis Ozolins,1184,8
Romain Faucon,1185,8
Andres Fernandez Canovas,1186,8
Charlie Robertson,1187,8
Anas Mazdrashki,1188,8
Thando Longwe-Smit,1189,8
Dimitris Azoidis,1190,8
Benjamin Hannestad,1191T,8
Mark Whitehouse,1191T,8
Daniel Salazar,1193,8
Niels Lootsma,1194,8
Nikola Slavic,1195,8
Loic Namigandet Tenguere,1196,8
Bekkhan Atlangeriev,1197,8
Niklas Waldner,1198,8
Ioannis Kountourakis,1199T,8
Andrea Paolini,1199T,8
Billy Suarez,1201,8
Yuichiro Inui,1202,8
Koray Kirci,1203,8
Issei Okamura,1204,8
Jacopo Bilardo,1205,8
Manel Lazaro Juncadella,1206,8
Luca Fantini,1207,8
Nicolas Ifi,1208,8
Jeremy Schifris,1209,8
Cosme Rolland De Ravel,1210,7
Seita Watanabe,1211,7
Alejandro Arcila,1212,7
Tom Hands,1213,7
Alessio Vasquez,1214,7
Fermin Tenti,1215,7
Ray Ho,1216,7
Damien Salvestre,1217,7
Adit Sinha,1218,7
Calin Teodor Stirbu,1219,7
Filippo Alberti,1220,7
Gage Brymer,1221T,7
Joshua Peck,1221T,7
Alessandro Spadola,1221T,7
Liam Krall,1224,7
Vit Kalina,1225,7
Yshai Oliel,1226,7
Julian Cundom,1227T,7
Iker Urribarrens Ramirez,1227T,7
Pranav Kumar,1229,7
Valentin Lapalu,1230,7
Qian Sun,1231,7
Makoto Ochi,1232,7
Ignasi Forcano Aparicio,1233,7
Ignacio Antonio Becerra Otarola,1234T,7
Ethan Cook,1234T,7
Mathieu Scaglia,1234T,7
Federico Aguilar Cardozo,1237,7
Manvydas Balciunas,1238T,7
Aleksander Chayka,1238T,7
Fabien Salle,1238T,7
Xing Dao Chen,1241,7
Samuele Seghetti,1242,7
Zhenxiong Dong,1243,7
Ivan Denisov,1244,7
Alexander Petrov,1245,7
Lorenzo Angelini,1246,7
Daniele Rapagnetta,1247,7
Lorenzo Claverie,1248,6
Reese Stalder,1249,6
Vasek Pospisil,1250,6
Leo Raquin,1251,6
Noah Zamora,1252,6
Cing-Yang Meng,1253,6
Jagger Leach,1254,6
Vasco Leote Prata,1255,6
Karim Bennani,1256,6
Tiago Torres,1257,6
Geun Jun Kim,1258,6
Gian Gruenig,1259T,6
Vladan Tadic,1259T,6
Samuel Brosset,1261,6
Jarno Jans,1262,6
Pieter De Lange,1263,6
Nicaise Muamba,1264,6
Leonardo Cattaneo,1265,6
Vlad Cristian Breazu,1266T,6
Luca Wiedenmann,1266T,6
Admir Kalender,1268,6
Alberto Odiseo Alvarado Berrospi,1269T,6
Bharath Nishok Kumaran,1269T,6
Mikail Alimli,1271,6
Jackson Ross,1272T,6
Yua Taka,1272T,6
Sekou Bangoura,1274,6
Szymon Kielan,1275T,6
Joao Victor Couto Loureiro,1275T,6
François Musitelli,1275T,6
Louis Van Herck,1275T,6
Fadi Bidan,1279T,6
David Fix,1279T,6
Alp Horoz,1279T,6
Alexis Canter,1282T,6
Rocco Valente,1282T,6
Credit Chaiyarin,1284T,6
Drew Van Orderlain,1284T,6
Rafael Izquierdo Luque,1286,6
Bruno Fernandez,1287,6
Gabriele Bosio,1288,6
Reece Falck,1289T,6
Matteo Fondriest,1289T,6
Michael Gloeckler,1289T,6
Lucca Pinto,1292,6
Lawrence Bataljin,1293,6
Juan Jose Bianchi,1294T,6
Daniel Khazime,1294T,6
Sean Hess,1296T,6
Yuquan Jin,1296T,6
Jonathan Eysseric,1298,5
Teymuraz Gabashvili,1299T,5
Michal Novansky,1299T,5
Mehdi Benchakroun,1301T,5
Andres Gabriel Ciurletti,1301T,5
Gabriel Donev,1301T,5
Alex Kuperstein,1301T,5
Niels Peter Van Noord,1301T,5
Hugo Car,1306,5
Suk Hyun Choo,1307T,5
Matyas Fuele,1307T,5
Christian Djonov,1309T,5
Dylan Salton,1309T,5
Romain Gales,1311T,5
Alejandro Garcia Carbajal,1311T,5
Luc Koenig,1313,5
Joaquin Guilleme,1314T,5
Alexander Vasilev,1314T,5
Khololwam Montsi,1316T,5
Tiago Silva,1316T,5
Maikel De Boes,1318T,5
Shu Matsuoka,1318T,5
Ignacio Carou,1320T,5
Jean-Christian Morandais,1320T,5
William Jansen,1322,5
Rodrigo Fernandes,1323,5
Madhwin Kamath,1324T,5
Bernardo Munk Mesa,1324T,5
Jonas Kucera,1326T,5
Yvo Panak,1326T,5
Dax Donders,1328,5
Scott Jones,1329,5
Amir Milushev,1330T,5
Edoardo Zanada,1330T,5
Oskar Grzegorzewski,1332T,5
Peetu Pohjola,1332T,5
Martin Sabas,1332T,5
Noel Larwig,1335,5
Robert Guna,1336,5
Markus Malaszszak,1337T,5
Stijn Pel,1337T,5
Ryota Tanuma,1337T,5
Karim-Mohamed Maamoun,1340,5
Miljan Zekic,1341,5
Jorge Plans,1342T,5
Richard Zusman,1342T,5
Edison Ambarzumjan,1344,5
Kody Pearson,1345,5
Rafael Kis Balazs,1346,5
Yeong-Seok Jeong,1347,5
Gabor Hornung,1348,5
Filip Krolo,1349T,5
Marc Majdandzic,1349T,5
Amador Salazar,1349T,5
Tanguy Genier,1352,5
Giacomo Crisostomo,1353T,5
Piet Luis Pinter,1353T,5
Gabriele Vulpitta,1353T,5
Nicolas Buitrago,1356,5
Daniel Batista,1357T,5
Tadeo Meneo,1357T,5
Hernando Jose Escurra Isnardi,1359,5
Sergi Fita Juan,1360,5
Pietro Pampanin,1361,5
Maximilian Figl,1362,5
Karim Ibrahim,1363,5
Yuta Tomida,1364,5
Blake Bayldon,1365T,4
Gianluca Brunkow,1365T,4
Francisco Cabral,1365T,4
Connor Thomson,1365T,4
Markos Kalovelonis,1369T,4
Thai-Son Kwiatkowski,1369T,4
Aleksi Lofman,1369T,4
Amirkhamza Nasridinov,1369T,4
Rodrigo Crespo Piedra,1373,4
Illya Marchenko,1374T,4
Joris Moret,1374T,4
Corey Craig,1376T,4
Bryce Nakashima,1376T,4
Timofey Stepanov,1378,4
Noa Vukadin,1379,4
Stepan Baum,1380T,4
Hugo Coquelin,1380T,4
Thomas Laurent,1380T,4
Julian Ocleppo,1380T,4
Nicola Kuhn,1384,4
Pierre Antoine Faut,1385T,4
Moritz Kudernatsch,1385T,4
David Naharro,1387,4
Ilyas Milad Fahim,1388,4
Pedro Rodenas,1389,4
Ryan Augusto Dos Santos,1390T,4
Rethin Pranav Senthil Kumar,1390T,4
Anas Bennour Dit Sahli,1392T,4
Anton Chekhov,1392T,4
Conor Gannon,1392T,4
Louis Herman,1392T,4
Edoardo Lavagno,1392T,4
Christian Lerby,1392T,4
Lucca Liu,1392T,4
Will Mayew,1392T,4
Kase Schinnerer,1392T,4
Fernando Yamacita,1392T,4
Aleksei Mokrov,1402T,4
Nathan Trouve,1402T,4
Aayush P. Bhat,1404,4
Sarp Agabigun,1405T,4
Lorenzo Beraldo,1405T,4
Stefan Horia Haita,1405T,4
Noah Schlagenhauf,1405T,4
Lingxi Zhao,1405T,4
David Eichenseher,1410T,4
Valentin Garay,1410T,4
Junhyeon Lee,1410T,4
Julien De Cuyper,1413,4
Luciano Carraro,1414,4
Artem Bogomolov,1415T,4
Jan Klimas,1415T,4
Oliver Okonkwo,1415T,4
Natan Rodrigues,1415T,4
Enzo Camargo Lima,1419,4
Vincent Marysko,1420,4
Gabriel Evans,1421T,4
Ivan Gretskiy,1421T,4
Sebastian Grundtvig Jorgensen,1421T,4
Rayane Oumaouche,1421T,4
Daniel Verbeek,1421T,4
Siddhant Banthia,1426T,4
Nathan Anthony Barki,1426T,4
Antonio Voljavec,1426T,4
Nikola Djosic,1429T,4
Jan Kobierski,1429T,4
Andrea De Marchi,1431T,4
Jonas Pelle Hartenstein,1431T,4
Patrik Oplustil,1431T,4
Ezequiel Simonit,1434T,4
Rafael Tosetto,1434T,4
Mousa Alkotop,1436T,4
Lewie Lane,1436T,4
Leonid Sheyngezikht,1436T,4
Fred Simonsson,1436T,4
Raphael Vaksmann,1436T,4
Sydney Zick,1436T,4
Valentin Kopeikin,1442T,4
Gorazd Srbljak,1442T,4
Joe Leather,1444T,4
Markus Molder,1444T,4
Ian Luca Cervantes Tomas,1446T,4
Nikos Lehmann,1446T,4
Kazuma Kawachi,1448,4
Parth Aggarwal,1449T,4
Alessandro Battiston,1449T,4
Filippo Mazzola,1449T,4
Mateo Del Pino,1452,4
Joao Graca,1453T,4
Naoki Tajima,1453T,4
Jayden Court,1455,4
John Hallquist Lithen,1456,4
Nikola Jovic,1457,4
Guido Andreozzi,1458T,3
Damien Clerc,1458T,3
Filip Duda,1458T,3
Federico Gaio,1458T,3
Alessandro Giannessi,1458T,3
Kelly Giese,1458T,3
Niklas Guttau,1458T,3
Evan King,1458T,3
Benito Massacri,1458T,3
Lucas Miedler,1458T,3
Matias Ponce De Leon Gomila,1458T,3
Johan Tatlot,1458T,3
Matej Vocel,1458T,3
Evan Burnett,1471T,3
Gilberto Ravasio,1471T,3
Gian Luca Tanner,1471T,3
Chun Ming Gary Yam,1471T,3
Wissam Abderrahman,1475T,3
Cesar Cruz,1475T,3
Keaton Hance,1475T,3
Casey Hoole,1475T,3
Petar Jovanovic,1475T,3
Loan Lestir,1475T,3
Daniel Phillips,1475T,3
Niels Ratiu,1475T,3
Lambert Ruland,1475T,3
Jelani Sarr,1475T,3
Arthur Bellegy,1485T,3
Duncan Chan,1485T,3
Renlong Pang,1485T,3
Yong Joon Park,1485T,3
Cade Birrell,1489T,3
Tyler Bowers,1489T,3
Ryan Colby,1489T,3
Connor Doig,1489T,3
Luca Giacomini,1489T,3
Volodymyr Iakubenko,1489T,3
Emanuel Ivanisevic,1489T,3
Aleksander Orlikowski,1489T,3
Oscar Otte,1489T,3
Dante Pagani,1489T,3
Matthew Rankin,1489T,3
Hudson Rivera,1489T,3
Saki Tange,1489T,3
Antoine Walch,1489T,3
Xiaofei Wang,1489T,3
Siem Woldeab,1489T,3
Lautaro Correa Beguerie,1505T,3
Felipe Dreer,1505T,3
Zsombor Velcz,1505T,3
Dillon Beckles,1508T,3
Alexis Gurmendi,1508T,3
Fnu Nidunjianzan,1508T,3
Walid Ahouda,1511T,3
Daniel Bagnolini,1511T,3
Antoine Bellier,1511T,3
Charlelie Cosnet,1511T,3
Karl Friberg,1511T,3
Herman Hoeyeraal,1511T,3
Pavel Lagutin,1511T,3
Samuel Puskar,1511T,3
Maciej Rajski,1511T,3
William Rejchtman Vinciguerra,1511T,3
Frazier Rengifo,1511T,3
Jonas Trinker,1511T,3
Mirko Martinez,1523T,3
Dmytro Shirokyi,1523T,3
Nikolay Nedelchev,1525,3
Antonio Caruso,1526T,3
Ondrej Horak,1526T,3
Dian Nedev,1526T,3
Braden Shick,1526T,3
Konstantin Zhzhenov,1526T,3
Jiri Barnat,1531T,3
Dmitry Bessonov,1531T,3
Noah Johnston,1531T,3
Rohan Mehra,1531T,3
Giulio Perego,1531T,3
Yu Tanaka,1531T,3
Stefano Reitano,1537,3
Vladimir Bazilevskiy,1538T,3
Rodolfo Jauregui Sainz De Rozas,1538T,3
Adam Jones,1538T,3
Arvid Nordquist,1538T,3
Alex Santino Nuñez Vera,1538T,3
Luca Staeheli,1543T,3
Roland Stuurman,1543T,3
Riku Takahata,1543T,3
Thomas Gerbaud,1546,3
Bryan Hernandez Cortes,1547T,3
William Hsieh,1547T,3
Fumin Jiang,1547T,3
Yusuf Khamis,1547T,3
Nemanja Malesevic,1547T,3
Oliver Ojakaar,1547T,3
Photos Photiades,1547T,3
Ammar Alhogbani,1554T,3
Patricio Alvarado,1554T,3
Nikolai Barsukov,1554T,3
Jesse De Jager,1554T,3
Kevin Edengren,1554T,3
Adam Farag Cao,1554T,3
Moritz Hoffmann,1554T,3
Viktor Jovic,1554T,3
Hiromasa Koyama,1554T,3
George Lazarov,1554T,3
Sergio Planella Hernandez,1554T,3
Victor Hugo Remondy Pagotto,1554T,3
James Beaven,1566,3
Alessio Basile,1567T,3
Alex Finkelstein,1567T,3
Seungmin Park,1567T,3
Alan Raul Sau Franco,1567T,3
Anthony Susanto,1567T,3
Vesa Ahti,1572T,3
Kylian Collignon,1572T,3
Andres Delgadillo,1572T,3
Jakub Kroslak,1572T,3
Bora Sengul,1572T,3
Jake Van Emburgh,1572T,3
Tomas Lanik,1578,3
Kaya Arinc,1579T,3
Yunseok Jang,1579T,3
Vadym Konovchuk,1579T,3
Iker Sevilla,1579T,3
Gabriele Volpi,1579T,3
Alexander Zgirovsky,1579T,3
Simone Agostini,1585T,3
Luke Hooper,1585T,3
Jan Hrazdil,1585T,3
Raghav Jaisinghani,1585T,3
Matei Cristian Onofrei,1585T,3
Rishi Reddy,1585T,3
Oren Vasser,1585T,3
Matteo Lavizzari,1592T,3
Matas Vasiliauskas,1592T,3
Jan Jermar,1594,3
Carles Cordoba,1595,3
Radovan Michalik,1596T,3
Nicolo Toffanin,1596T,3
Luis Garcia Paez,1598,3
Alexey Aleshchev,1599,3
Nikita Ianin,1600,3
Alfred Almasi,1601T,2
Michael Antonius,1601T,2
Theo Arribage,1601T,2
Luis Britto,1601T,2
Inigo Cervantes,1601T,2
Seongwoo Cho,1601T,2
Casper Christensen,1601T,2
Theodore Dean,1601T,2
Roberto Ferrer Guimaraes,1601T,2
Tomas Gerini,1601T,2
Saahith Jayaraman,1601T,2
Kevin King,1601T,2
Kacper Knitter,1601T,2
Zaid Mashni,1601T,2
Anders Matta,1601T,2
Siphosothando Montsi,1601T,2
Guillermo Olaso,1601T,2
Hunter Reese,1601T,2
Fernando Romboli,1601T,2
Yaraslav Shyla,1601T,2
Marcelo Zormann,1601T,2
Yannick Theodor Alexandrescou,1622T,2
Ulises Blanch,1622T,2
Billy Blaydes,1622T,2
Raul Garcia,1622T,2
Amine Jamji,1622T,2
Henri Laaksonen,1622T,2
Andrej Loncarevic,1622T,2
Alexander Razeghi,1622T,2
Simon Reveniau,1622T,2
Elio Jose Ribeiro Lago,1622T,2
Joao Vitor Scramin Do Lago,1622T,2
Pijus Vaitiekunas,1622T,2
Kiruthik Kalyaan Annur Senthil Kumar,1634T,2
Thanaphat Boosarawongse,1634T,2
Connor Bruce,1634T,2
Nathan Cox,1634T,2
Toru Horie,1634T,2
Dayne Kelly,1634T,2
Jangjun Kim,1634T,2
Oscar Lacides,1634T,2
Peter Makk,1634T,2
Luka Miklavcic,1634T,2
Leonardo Primucci,1634T,2
Harry Pugh,1634T,2
Sebastian Rodriguez,1634T,2
Jerko Brkic,1647T,2
Emiliano Jorquera,1647T,2
Tilen Kovac,1647T,2
Melvin Kumar,1647T,2
Vardan Manukyan,1647T,2
William Mirarchi,1647T,2
Alberto Morolli,1647T,2
Max Sheldon,1647T,2
Jj Tracy,1647T,2
Andres Urrea,1647T,2
Zack Viiala,1647T,2
Kacper Zuk,1647T,2
Taym Al Azmeh,1659T,2
Miles Clark,1659T,2
Sebastiano Cocola,1659T,2
Matias Franco Descotte,1659T,2
Dmitry Dolzhenkov,1659T,2
Jose Dominguez Alonso,1659T,2
Federico Guarducci,1659T,2
Botond Kisantal,1659T,2
Dheeraj Kodancha Srinivasan,1659T,2
Noritaka Koizumi,1659T,2
Ferdinand Livet Novkirichka,1659T,2
Karol Malirz,1659T,2
Duje Markovina,1659T,2
Marko Mesarovic,1659T,2
Shu Muto,1659T,2
Ilija Palavestra,1659T,2
Valerio Perruzza,1659T,2
Carl Roothman,1659T,2
Joao Silva,1659T,2
Valentin Vanta,1659T,2
Phoenix Weir,1659T,2
Jimmy Yang,1659T,2
Edoardo Cherie Ligniere,1681T,2
Anthony Genov,1681T,2
Jim Hendrikx,1681T,2
Shion Itsusaki,1681T,2
Luke Saville,1681T,2
Kosuke Shibano,1681T,2
Julian Alonso Jr,1687T,2
Daniil Bogatov,1687T,2
Raphael Calzi,1687T,2
Elijah Cham,1687T,2
Yan Cheng Chen,1687T,2
Edoardo De Filippo,1687T,2
Spencer Gray,1687T,2
Daniel Jade,1687T,2
Alex Kobelt,1687T,2
Clement Lemire,1687T,2
Viktor Markov,1687T,2
Ofek Shimanov,1687T,2
Mehluli Don Ayanda Sibanda,1687T,2
Milledge Cossu,1700T,2
Pranav Karthik,1700T,2
Sina Moghimi,1700T,2
Ko Suzuki,1700T,2
Martin Antonio Vergara Del Puerto,1700T,2
Andrea Colombo,1705T,2
Stefan Cooper,1705T,2
Alex De Gabriele,1705T,2
Gian Matias Di Natale,1705T,2
Jarrod Joyce,1705T,2
Alejandro Lopez Escribano,1705T,2
William Mroz,1705T,2
Grigory Shebekin,1705T,2
Anton Shepp,1705T,2
Denis Spiridon,1705T,2
Taketo Takamisawa,1705T,2
Aditya Vishal Balsekar,1705T,2
Leopold Zima,1705T,2
Dorian Tremblay,1718T,2
Ludovico Vaccari,1718T,2
Alan Wazny,1718T,2
Matei Florin Breazu,1721T,2
Arthur Laborde,1721T,2
Fryderyk Lechno-Wasiutynski,1721T,2
Andrea Motta,1721T,2
Patrik Munkhammar,1721T,2
Tomislav Edward Papac,1721T,2
Bogdan Seleznev,1721T,2
Cedric Stanke,1721T,2
Zhengyu Sun,1721T,2
Kian Vakili,1721T,2
Federico Valle,1721T,2
Paul Valsecchi,1721T,2
Jefferson Wendler Filho,1721T,2
Linghao Zhang,1721T,2
S Mert Ozdemir,1735T,2
Digvijaypratap Singh,1735T,2
Stylianos Christodoulou,1737T,2
Ye Hongyu,1737T,2
Zekai Li,1737T,2
Benjamin O'Connell,1737T,2
Darius Florin Pop,1737T,2
Bang Shuo Yin,1737T,2
Daiki Yoshimura,1737T,2
Marco Furlanetto,1744,2
Sai Karteek Reddy Ganta,1745T,2
Aaron Gil Garcia,1745T,2
Xirui Han,1745T,2
Lukas Hellum-Lilleengen,1745T,2
Matic Kriznik,1745T,2
Louis Larue,1745T,2
Nik Mikovic,1745T,2
Nicolas Philibert,1745T,2
Tobias Sonne,1745T,2
Weitao Xu,1745T,2
Henrik Bladelius,1755T,2
Jurriaan Bol,1755T,2
Alvaro Bueno Gil,1755T,2
Giovanni Calvano,1755T,2
Jiri Cizek,1755T,2
Daniel Domingos,1755T,2
Carlos Giraldi,1755T,2
Aljaz Jeran,1755T,2
Samuil Konov,1755T,2
Rocco Piatti,1755T,2
Viktor Frydrych,1765T,2
Jordi Garcia Mestre,1765T,2
Thijmen Loof,1765T,2
Gabriel Matuszewski,1765T,2
Abhinav Sanjeev Shanmugam,1765T,2
Alaa Trifi,1765T,2
Matic Dimic,1771T,2
Ammar Elamin,1771T,2
Isaac Nortey,1771T,2
Pierre Antoine Tailleu,1771T,2
Felipe De Dios,1775T,2
Maan Kesharwani,1775T,2
Dmitry Kopilevich,1777T,2
Mateya Stanisavljevic,1777T,2
Mihai Alexandru Coman,1779,2
Artur Aiukhanov,1780T,1
Shaheed Alam,1780T,1
Leonardo Angeloni,1780T,1
Filip Apltauer,1780T,1
Cosimo Banti,1780T,1
Jerry Barton,1780T,1
Tudor Batin,1780T,1
Mika Berghaus,1780T,1
Shivank Bhatnagar,1780T,1
Mathis Bondaz,1780T,1
Santiago Bramajo,1780T,1
Omar Brigida,1780T,1
Noah Brownrigg,1780T,1
Tighe Brunetti,1780T,1
Siu Chi Nicholas Cheng,1780T,1
Alberto Colas Sanchez,1780T,1
Francesco Cordova,1780T,1
Gianluca Di Nicola,1780T,1
Karol Drzewiecki,1780T,1
Birtan Duran,1780T,1
Diego Duran,1780T,1
Paul Ender,1780T,1
Tarek Erlewein,1780T,1
Xavier Ferrer Mateo,1780T,1
Perry Gregg,1780T,1
Maxim Groysman,1780T,1
Patorn Hanchaikul,1780T,1
Mark Havlicek,1780T,1
Yuya Hirose,1780T,1
Dario Huber,1780T,1
Sergio Ingles Garre,1780T,1
Oskar Jansson,1780T,1
Michael Dylan Jimenez,1780T,1
Andrew Johnson,1780T,1
Mathieu Josserand,1780T,1
Hamza Karmoussi,1780T,1
Mischa Lanz,1780T,1
Isaac Lhomond,1780T,1
Aleksandar Ljubojevic,1780T,1
Noah Lopez Cherubino,1780T,1
Gerardo Lopez Villasenor,1780T,1
Mikolaj Lorens,1780T,1
Mihnea Maftei,1780T,1
Martin Maldonado,1780T,1
Maurus Malgiaritta,1780T,1
Richard Mallory,1780T,1
Maciej Matuszczyk,1780T,1
Ashton Mcleod,1780T,1
Joel Meda,1780T,1
Przemyslaw Michocki,1780T,1
Peter Nad,1780T,1
Mason Naumovski,1780T,1
Bruno Nhavene,1780T,1
Ricard Novell,1780T,1
Ignacio Novo,1780T,1
Alexander Ikenna Okonkwo,1780T,1
Alexander Orlov,1780T,1
Viacheslav Ovchinnikov,1780T,1
Lukas Palovic,1780T,1
Kunanan Pantaratorn,1780T,1
Arnav Vijay Paparkar,1780T,1
Matija Pecotic,1780T,1
Felipe Pinzon Moreno,1780T,1
Emil Rast,1780T,1
Tomas Rengel Sierra,1780T,1
Vincent Rettke,1780T,1
Rodrigo Reyna,1780T,1
Agassi Rusher,1780T,1
Leevi Saatela,1780T,1
Daniel Sancho,1780T,1
Tiran Sanghera,1780T,1
Edoardo Santoni,1780T,1
Batyr Sapaev,1780T,1
Jack Secord,1780T,1
Mitchell Sheldon,1780T,1
Hayden Shoemake,1780T,1
Mustafa Ege Sik,1780T,1
Leon Sloboda,1780T,1
Stephen Slocombe,1780T,1
Kazuki Sugimoto,1780T,1
Elias Sumann,1780T,1
Luciano Tacchi,1780T,1
Jip Van Assendelft,1780T,1
James Van Herzeele,1780T,1
Felipe Vazquez,1780T,1
Nicola Vidal,1780T,1
Max Villar,1780T,1
Christian Wedel,1780T,1
Sam Wensley,1780T,1
Dominic West,1780T,1
Dawid Wisniewski,1780T,1
Bartosz Wojnar,1780T,1
Anthony Wright,1780T,1
Carlos Zerega,1780T,1
Alan Abdullin,1874T,1
Karim Al-Amin,1874T,1
Mert Aytekin,1874T,1
Martin Benes,1874T,1
Tristan Berard,1874T,1
Victor Braga,1874T,1
Timothy Carlsson Seger,1874T,1
Salvatore Caruso,1874T,1
Luke Casper,1874T,1
Jordan Correia,1874T,1
Joaquim De Almeida,1874T,1
Vito Dell'Elba,1874T,1
Nikola Djukic Valera,1874T,1
Sid Donarski,1874T,1
Ivan Dreycopp,1874T,1
Maximus Dussault,1874T,1
Oskari Eerola,1874T,1
Lorenzo Esquici,1874T,1
Janos Fekete,1874T,1
Juan Carlos Fuentes Vasquez,1874T,1
Thomas Nicholas Gadecki,1874T,1
Andrei Corneliu Gadoiu,1874T,1
Giammarco Gandolfi,1874T,1
Filippo Francesco Garbero,1874T,1
Iker Gaztambide Arrastia,1874T,1
Alexander Glomb,1874T,1
Aditya Govila,1874T,1
Filip Gustafsson,1874T,1
Asahi Harazaki,1874T,1
Matthew Harris,1874T,1
Lucas Horve,1874T,1
Chun-Chien Hou,1874T,1
Nicolas Hurtado Novoa,1874T,1
Tatsuma Ito,1874T,1
Mihail Ivanov,1874T,1
Alejandro Jacome Jaramillo,1874T,1
Alex Jones,1874T,1
Mickael Kaouk,1874T,1
Toshiki Karigyo,1874T,1
Dong Ju Kim,1874T,1
Jae Hwan Kim,1874T,1
Kenzo Koistila Larsson,1874T,1
Holden Koons,1874T,1
Veljko Krstic,1874T,1
Espen Lagarde,1874T,1
Lance Lage,1874T,1
Yazid Lahjomri,1874T,1
Daniel Little,1874T,1
Cyrus Mahjoob,1874T,1
Adam Majchrzak,1874T,1
Ajay Malik,1874T,1
Tomas Marin,1874T,1
Stefan Menichella,1874T,1
Andreas Messis,1874T,1
Petr Michnev,1874T,1
Mak Mikovic,1874T,1
Milos Mikovic,1874T,1
Zhou Mingzhou,1874T,1
Moein Moazam,1874T,1
Javier Molino,1874T,1
Diogo Morais,1874T,1
Freddy Murray,1874T,1
Mattia Nannelli,1874T,1
Andy Nguyen,1874T,1
Daniil Piatrouski,1874T,1
Tomas Pinho,1874T,1
Yannik Rahman,1874T,1
Cesar Ramirez,1874T,1
Arjun Rathi,1874T,1
Pablo Robledo,1874T,1
Hillel Rousseau,1874T,1
Yan Sabanin,1874T,1
Kaua Lorenzo Santos Gava,1874T,1
Jack Satterfield,1874T,1
David Saye,1874T,1
Yoshka Sborowsky,1874T,1
Gabriel Schenekenberg,1874T,1
Igor Shrolik,1874T,1
Andre Steinbach,1874T,1
Max Stenzer,1874T,1
Leonardo Taddia,1874T,1
Etienne Teboh,1874T,1
Flynn Thomas,1874T,1
Aadarsh Tripathi,1874T,1
Venedikt Tsirikidze,1874T,1
Yubel Ubri,1874T,1
Alexander Ushakov,1874T,1
Abdulaziz Usmonjonov,1874T,1
Sean Van Rensburg,1874T,1
Iiro Vasa,1874T,1
Lachlan Vickery,1874T,1
Alexander Vikhlyantsev,1874T,1
Gray Voelzke,1874T,1
Max Westphal,1874T,1
Aaron James Williams,1874T,1
Xiaoyin Yang,1874T,1
Arturs Zagars,1874T,1
Damir Abdusamadov,1971T,1
Zachary Adam-Gedge,1971T,1
Laurin Aerne,1971T,1
Mohammad Alkotop,1971T,1
Pol Amoros Ramos,1971T,1
Christos Antonopoulos,1971T,1
Romeo Arcuschin,1971T,1
Sergio Badini,1971T,1
Carson Baker,1971T,1
Michael Alejandro Beltran Rubio,1971T,1
Patricio Betancourt Gonzalez,1971T,1
Adrien Burdet,1971T,1
Miguel Angel Cabrera,1971T,1
Filippo Callerio,1971T,1
Cristian Campese,1971T,1
Vasilios Caripi,1971T,1
Marcos Castro Fabra,1971T,1
Yash Chaurasia,1971T,1
Lorenzo Comino,1971T,1
Nav Dayal,1971T,1
Julian Desousa,1971T,1
Marin Dumitru,1971T,1
Gabriel Elicha Navas,1971T,1
Samyar Elyasi,1971T,1
Maxwell Exsted,1971T,1
Corey Gaal,1971T,1
Nicolas Rafael Goldberg Alviani,1971T,1
Kornel Halmos,1971T,1
Gregor Hausberger,1971T,1
Ryan Haviland,1971T,1
Theo Herrmann,1971T,1
Patrik Homola,1971T,1
Haoyuan Huang,1971T,1
Harold Huens,1971T,1
Noah Karma,1971T,1
Tarun Karra,1971T,1
Ivan Kazakov,1971T,1
Darian King,1971T,1
Weiyi Kong,1971T,1
Yuhei Kono,1971T,1
Alexander Krylov,1971T,1
Andrei Kunitsyn,1971T,1
Mikhail Malakhovich,1971T,1
Mario Mansilla Diez,1971T,1
Daniel Marincas,1971T,1
Norbert Marosik,1971T,1
Louroi Martinez,1971T,1
Gasper Matijasic,1971T,1
Vladislav Melnic,1971T,1
Felix Mischker,1971T,1
Abdulhamid Mubarak,1971T,1
Hien Pham,1971T,1
Boris Pokotilov,1971T,1
Loris Pourroy,1971T,1
Peter Benjamin Privara,1971T,1
Bruno Pujol Navarro,1971T,1
Nico Rating,1971T,1
Savva Rybkin,1971T,1
Jonas Schaer,1971T,1
Tom Sickenberger,1971T,1
Fredrik Krogh Solheim,1971T,1
Yusaku Sugaya,1971T,1
Bjorn Swenson,1971T,1
Dean Thurner,1971T,1
Emon Van Loben Sels,1971T,1
Yamato Yukawa,1971T,1
Gonzalo Zeitune,1971T,1
Tom Zeuch,1971T,1
Muni Ananth Mani,2039T,1
Dusan Baranec,2039T,1
Marcell Bartakovics,2039T,1
Sami Ben Abdennibi,2039T,1
Dakotah Bobo,2039T,1
Leonardo Borrelli,2039T,1
Mateo Carballo,2039T,1
Lucio Carnevalle,2039T,1
Pavlos Christoforakis,2039T,1
Reuben De Klerk,2039T,1
Hamza El Amine,2039T,1
Hong-Lin Fu,2039T,1
Syl Gaxherri,2039T,1
Nicholas Godsick,2039T,1
Timothy Gray,2039T,1
Benjamin Gusic - Wan,2039T,1
Kaeri Hernandez Mariona,2039T,1
Yeonsu Jeong,2039T,1
Atakan Karahan,2039T,1
Matt Kleiman,2039T,1
Nicolas Kobelt,2039T,1
Daniel Lara Salmeron,2039T,1
Jules Leroux,2039T,1
William Manning,2039T,1
Matteo Mesaglio,2039T,1
Ahmed Mouhan,2039T,1
Jonathan Mridha,2039T,1
Ren Nakamura,2039T,1
Fabrizio Karol Pio Osti,2039T,1
Charlie Pade,2039T,1
Piotr Pawlak,2039T,1
Hiroki Sakagawa,2039T,1
Michalis Sakellaridis,2039T,1
Manuel Sanchez,2039T,1
Piotr Siekanowicz,2039T,1
Gabriel Tumasonis,2039T,1
Guillermo Tunas,2039T,1
Fons Van Sambeek,2039T,1
Ronetto Van Tilburg,2039T,1
Elias Julian Werner,2039T,1
Yash Yadav,2039T,1
Max Benaim,2080T,1
Alexander Bravo,2080T,1
Alessandro Coccioli,2080T,1
Sven Corbinais,2080T,1
Guy Den Heijer,2080T,1
Rahul Dhokia,2080T,1
Mathys Domenc,2080T,1
Patrick Foley,2080T,1
Tobias Franco,2080T,1
Seonyong Han,2080T,1
Alvaro Jimenez,2080T,1
Jack Karlsson Wistrand,2080T,1
Bruno Kokot,2080T,1
Karl Kazuma Lee,2080T,1
Dylan Long,2080T,1
Noah Lopez,2080T,1
Alexander Maggs,2080T,1
Cian Maguire,2080T,1
Goncalo Marques,2080T,1
Jirat Navasirisomboon,2080T,1
Weiwen Pan,2080T,1
Drazen Petrovic,2080T,1
Dominik Recek,2080T,1
Martins Rocens,2080T,1
Atharva Sharma,2080T,1
Mikal Statham,2080T,1
Vullnet Tashi,2080T,1
Breno Rossetto Urvaneja,2080T,1
Lars Goran Verwerft,2080T,1
Edouard Villoslada,2080T,1
Alexander Wagner,2080T,1
Vitaliy Zatsepin,2080T,1
Marco Alvarez,2112T,1
Mateo Luis Alvarez Sarmiento,2112T,1
Melih Anavatan,2112T,1
Oscar Galimardanov,2112T,1
Federico Garbero,2112T,1
Erik Grevelius,2112T,1
Eric Hadigian,2112T,1
Henri Haupt,2112T,1
Rein Koenders,2112T,1
Joel Angel Lucero,2112T,1
Arjun Mehrotra,2112T,1
Silvio Mencaglia,2112T,1
Saba George Nanobashvili,2112T,1
Joao Portugal,2112T,1
Gheorghe Claudiu Schinteie,2112T,1
Rafael Segado Esteve,2112T,1
Glib Sekachov,2112T,1
Michael Shaw,2112T,1
Mattias Southcombe,2112T,1
Miha Vetrih,2112T,1
Kerem Yilmaz,2112T,1
Alejandro Bancalari,2133T,1
Federico Campana,2133T,1
Vlad Andrei Dancu,2133T,1
Liam Delicata,2133T,1
Kabir Hans,2133T,1
Ryusuke Horiuchi,2133T,1
Jakub Jedrzejczak,2133T,1
Danil Panarin,2133T,1
Matt Ponchet,2133T,1
Essa Qabazard,2133T,1
Nicolas Esteban Rico Arias,2133T,1
Lazar Vojinovic,2133T,1
Minghui Zhang,2133T,1
Louis Allen,2146T,1
Marcos Lee Chan Baratau,2146T,1
Jonas Gundacker,2146T,1
Nicolas Hollender,2146T,1
Makar Krivoshchekov,2146T,1
Enmanuel Munoz,2146T,1
Kyle Overmyer,2146T,1
Luca Parenti,2146T,1
Benjamin Pietri,2146T,1
Nicola Rispoli,2146T,1
Justin Roberts,2146T,1
Daniel Uta,2146T,1
Yuttana Charoenphon,2158T,1
Nicolas Garcia Longo,2158T,1
Stefan Kostic,2158T,1
Aryan Lakshmanan,2158T,1
Kazuki Nishiwaki,2158T,1
Guilherme Valdoleiros,2158T,1
Zhan Zheng,2158T,1
Abraham Asaba,2165T,1
Petr Iamachkine,2165T,1
Leo Lagarrigue,2165T,1
Andrea Bacaloni,2168T,1
Stijn Paardekooper,2168T,1
Benjamin Torres,2170,1
